term,coef,se,t,p,ci_lo,ci_hi,event_time,group,outcome,spec,n_obs,n_authors,n_clusters,cond,career_band,subject_group,lag_band,income_group,meaningful
k-6:AUTHOR_MISCONDUCT,-0.10710200686284793,0.010450263548134803,-10.248737399734177,0.0,-0.12758452341719215,-0.08661949030850372,-6,AUTHOR_MISCONDUCT,active,exit ~ arm,224822,17294,2305,22.461552281710365,,,,,1.0
k-5:AUTHOR_MISCONDUCT,-0.07975460122699476,0.011988064205934774,-6.652834006971008,2.8750335445693054e-11,-0.10325120707062692,-0.05625799538336261,-5,AUTHOR_MISCONDUCT,active,exit ~ arm,224822,17294,2305,22.461552281710365,,,,,1.0
k-4:AUTHOR_MISCONDUCT,-0.04980763231777137,0.008271645052593507,-6.02149052589661,1.728181375781901e-09,-0.06602005662085464,-0.0335952080146881,-4,AUTHOR_MISCONDUCT,active,exit ~ arm,224822,17294,2305,22.461552281710365,,,,,1.0
k-3:AUTHOR_MISCONDUCT,-0.01216595611937284,0.005310985904395457,-2.2907151964579873,0.021979891131751916,-0.022575488491987934,-0.0017564237467577442,-3,AUTHOR_MISCONDUCT,active,exit ~ arm,224822,17294,2305,22.461552281710365,,,,,0.0
k+0:AUTHOR_MISCONDUCT,0.0802745138816664,0.009149707467415568,8.773451410063581,0.0,0.06234108724553189,0.0982079405178009,0,AUTHOR_MISCONDUCT,active,exit ~ arm,224822,17294,2305,22.461552281710365,,,,,1.0
k+1:AUTHOR_MISCONDUCT,-0.05750233960694669,0.005073630342429723,-11.333569007987535,0.0,-0.06744665507810894,-0.04755802413578443,1,AUTHOR_MISCONDUCT,active,exit ~ arm,224822,17294,2305,22.461552281710365,,,,,1.0
k+2:AUTHOR_MISCONDUCT,-0.06478111677238298,0.004563219936265299,-14.196360832303458,0.0,-0.07372502784746296,-0.055837205697302994,2,AUTHOR_MISCONDUCT,active,exit ~ arm,224822,17294,2305,22.461552281710365,,,,,1.0
k+3:AUTHOR_MISCONDUCT,-0.08017053135073372,0.005063965380721938,-15.831571767045595,0.0,-0.09009590349694872,-0.07024515920451872,3,AUTHOR_MISCONDUCT,active,exit ~ arm,224822,17294,2305,22.461552281710365,,,,,1.0
k+4:AUTHOR_MISCONDUCT,-0.07965061869605983,0.005531479759716132,-14.399513720745746,0.0,-0.09049231902510345,-0.0688089183670162,4,AUTHOR_MISCONDUCT,active,exit ~ arm,224822,17294,2305,22.461552281710365,,,,,1.0
k+5:AUTHOR_MISCONDUCT,-0.095975876052824,0.004712972168880345,-20.364193255065384,0.0,-0.10521330150382947,-0.08673845060181852,5,AUTHOR_MISCONDUCT,active,exit ~ arm,224822,17294,2305,22.461552281710365,,,,,1.0
k+6:AUTHOR_MISCONDUCT,-0.09836747426432446,0.005103299407279141,-19.27527005842868,0.0,-0.10836994110259157,-0.08836500742605735,6,AUTHOR_MISCONDUCT,active,exit ~ arm,224822,17294,2305,22.461552281710365,,,,,1.0
k-6:EDITORIAL_COMPROMISE,-0.16492993172835074,0.014111507672086888,-11.687619463552329,0.0,-0.19258848676564105,-0.13727137669106043,-6,EDITORIAL_COMPROMISE,active,exit ~ arm,224822,17294,2305,22.461552281710365,,,,,1.0
k-5:EDITORIAL_COMPROMISE,-0.1365432985986345,0.010459743405337032,-13.054172870910387,0.0,-0.15704439567309508,-0.11604220152417392,-5,EDITORIAL_COMPROMISE,active,exit ~ arm,224822,17294,2305,22.461552281710365,,,,,1.0
k-4:EDITORIAL_COMPROMISE,-0.09845490477901547,0.014186659757850885,-6.939963772975567,3.921973856790828e-12,-0.12626075790440322,-0.07064905165362774,-4,EDITORIAL_COMPROMISE,active,exit ~ arm,224822,17294,2305,22.461552281710365,,,,,1.0
k-3:EDITORIAL_COMPROMISE,-0.05066475026949334,0.012899107831401576,-3.9277716669795657,8.573655003196734e-05,-0.07594700161904043,-0.02538249891994625,-3,EDITORIAL_COMPROMISE,active,exit ~ arm,224822,17294,2305,22.461552281710365,,,,,1.0
k+0:EDITORIAL_COMPROMISE,0.040962989579590325,0.014629614007139198,2.8000048093955545,0.005110184524293349,0.012288946125597496,0.06963703303358315,0,EDITORIAL_COMPROMISE,active,exit ~ arm,224822,17294,2305,22.461552281710365,,,,,1.0
k+1:EDITORIAL_COMPROMISE,-0.041322314049586785,0.012970927944095023,-3.1857639043009756,0.0014437236261866104,-0.06674533282001303,-0.01589929527916054,1,EDITORIAL_COMPROMISE,active,exit ~ arm,224822,17294,2305,22.461552281710365,,,,,1.0
k+2:EDITORIAL_COMPROMISE,-0.05749191519942512,0.011639270790679166,-4.939477415154321,7.833221520314737e-07,-0.08030488594915629,-0.03467894444969395,2,EDITORIAL_COMPROMISE,active,exit ~ arm,224822,17294,2305,22.461552281710365,,,,,1.0
k+3:EDITORIAL_COMPROMISE,-0.05892921307941075,0.011295385493939587,-5.2171050834014085,1.8174116434011012e-07,-0.08106816864753234,-0.03679025751128916,3,EDITORIAL_COMPROMISE,active,exit ~ arm,224822,17294,2305,22.461552281710365,,,,,1.0
k+4:EDITORIAL_COMPROMISE,-0.06216313330937841,0.011560899195587929,-5.377015425677458,7.57306874987762e-08,-0.08482249573273075,-0.039503770886026066,4,EDITORIAL_COMPROMISE,active,exit ~ arm,224822,17294,2305,22.461552281710365,,,,,1.0
k+5:EDITORIAL_COMPROMISE,-0.07150556952928494,0.01218231186838928,-5.869622309935106,4.367890271694819e-09,-0.09538290079132793,-0.047628238267241954,5,EDITORIAL_COMPROMISE,active,exit ~ arm,224822,17294,2305,22.461552281710365,,,,,1.0
k+6:EDITORIAL_COMPROMISE,-0.0840819259791592,0.011129402025933629,-7.554936535065611,4.1744385725905886e-14,-0.10589555394998912,-0.06226829800832929,6,EDITORIAL_COMPROMISE,active,exit ~ arm,224822,17294,2305,22.461552281710365,,,,,1.0
k-6:HONEST_ERROR,-0.1344503473641195,0.008539033684081697,-15.745382011404788,0.0,-0.15118685338491963,-0.11771384134331939,-6,HONEST_ERROR,active,exit ~ arm,224822,17294,2305,22.461552281710365,,,,,1.0
k-5:HONEST_ERROR,-0.10359624029423797,0.007953248738838889,-13.025650736702874,0.0,-0.11918460782236219,-0.08800787276611376,-5,HONEST_ERROR,active,exit ~ arm,224822,17294,2305,22.461552281710365,,,,,1.0
k-4:HONEST_ERROR,-0.07131181038005728,0.007103331166726705,-10.039206775842686,0.0,-0.08523433946684163,-0.057389281293272934,-4,HONEST_ERROR,active,exit ~ arm,224822,17294,2305,22.461552281710365,,,,,1.0
k-3:HONEST_ERROR,-0.027584797711483505,0.007214624982120626,-3.823455519842611,0.00013159434016962734,-0.04172546267643994,-0.013444132746527077,-3,HONEST_ERROR,active,exit ~ arm,224822,17294,2305,22.461552281710365,,,,,1.0
k+0:HONEST_ERROR,0.07212913771965648,0.007056003662453297,10.222378157691878,0.0,0.05829937054124802,0.08595890489806494,0,HONEST_ERROR,active,exit ~ arm,224822,17294,2305,22.461552281710365,,,,,1.0
k+1:HONEST_ERROR,-0.04311401716387417,0.006194579870479276,-6.959958232088858,3.403721748895805e-12,-0.05525539371001355,-0.03097264061773479,1,HONEST_ERROR,active,exit ~ arm,224822,17294,2305,22.461552281710365,,,,,1.0
k+2:HONEST_ERROR,-0.05598692276256646,0.005714179070960433,-9.79789433745489,0.0,-0.06718671374164892,-0.044787131783484015,2,HONEST_ERROR,active,exit ~ arm,224822,17294,2305,22.461552281710365,,,,,1.0
k+3:HONEST_ERROR,-0.07069881487535762,0.005852991249648376,-12.079091162079717,0.0,-0.08217067772466843,-0.0592269520260468,3,HONEST_ERROR,active,exit ~ arm,224822,17294,2305,22.461552281710365,,,,,1.0
k+4:HONEST_ERROR,-0.08438904781364948,0.006474966771229812,-13.033124461520778,0.0,-0.09707998268525991,-0.07169811294203904,4,HONEST_ERROR,active,exit ~ arm,224822,17294,2305,22.461552281710365,,,,,1.0
k+5:HONEST_ERROR,-0.08275439313445045,0.006233057541680719,-13.27669327309564,0.0,-0.09497118591614466,-0.07053760035275623,5,HONEST_ERROR,active,exit ~ arm,224822,17294,2305,22.461552281710365,,,,,1.0
k+6:HONEST_ERROR,-0.09767061708214149,0.0070506603924454115,-13.852690619845038,0.0,-0.1114899114513345,-0.08385132271294848,6,HONEST_ERROR,active,exit ~ arm,224822,17294,2305,22.461552281710365,,,,,1.0
k-6:AUTHOR_MISCONDUCT,-1.482686908599359,0.16505604197402823,-8.98293022701139,0.0,-1.8061967508684544,-1.1591770663302636,-6,AUTHOR_MISCONDUCT,publications,publications ~ arm,224822,17294,2305,22.461552281710365,,,,,
k-5:AUTHOR_MISCONDUCT,-1.2261620047831983,0.1347240041716998,-9.101288314000145,0.0,-1.49022105295973,-0.9621029566066667,-5,AUTHOR_MISCONDUCT,publications,publications ~ arm,224822,17294,2305,22.461552281710365,,,,,
k-4:AUTHOR_MISCONDUCT,-0.8994488925860461,0.11583067488530606,-7.765204627156563,7.993605777301127e-15,-1.126477015361246,-0.6724207698108462,-4,AUTHOR_MISCONDUCT,publications,publications ~ arm,224822,17294,2305,22.461552281710365,,,,,
k-3:AUTHOR_MISCONDUCT,-0.4773837995216788,0.09179114631983674,-5.200760843080491,1.984743567273739e-07,-0.6572944463085588,-0.2974731527347988,-3,AUTHOR_MISCONDUCT,publications,publications ~ arm,224822,17294,2305,22.461552281710365,,,,,
k+0:AUTHOR_MISCONDUCT,0.6382447748778193,0.07974866083863119,8.003203667197456,1.3322676295501878e-15,0.48193739963410215,0.7945521501215365,0,AUTHOR_MISCONDUCT,publications,publications ~ arm,224822,17294,2305,22.461552281710365,,,,,
k+1:AUTHOR_MISCONDUCT,0.1479671415202245,0.07566676984180602,1.9555102170949603,0.050522878615561595,-0.00033972736971529804,0.2962740104101643,1,AUTHOR_MISCONDUCT,publications,publications ~ arm,224822,17294,2305,22.461552281710365,,,,,
k+2:AUTHOR_MISCONDUCT,0.19091192679629898,0.08984802153539447,2.1248317273307094,0.033600656410626595,0.014809804586925823,0.36701404900567214,2,AUTHOR_MISCONDUCT,publications,publications ~ arm,224822,17294,2305,22.461552281710365,,,,,
k+3:AUTHOR_MISCONDUCT,0.3014453571799923,0.10010698049744499,3.0112321406766043,0.002601898510943723,0.10523567540500015,0.49765503895498453,3,AUTHOR_MISCONDUCT,publications,publications ~ arm,224822,17294,2305,22.461552281710365,,,,,
k+4:AUTHOR_MISCONDUCT,1.182073411666836,0.20927174592478173,5.6485093410159015,1.6184505957639317e-08,0.7719007896542639,1.5922460336794084,4,AUTHOR_MISCONDUCT,publications,publications ~ arm,224822,17294,2305,22.461552281710365,,,,,
k+5:AUTHOR_MISCONDUCT,1.1457835083705916,0.20244966707590972,5.659596900897709,1.517289582864123e-08,0.7489821609018086,1.5425848558393747,5,AUTHOR_MISCONDUCT,publications,publications ~ arm,224822,17294,2305,22.461552281710365,,,,,
k+6:AUTHOR_MISCONDUCT,1.1573255693043525,0.23189356004298226,4.990762007749755,6.014156141986859e-07,0.7028141916201073,1.6118369469885976,6,AUTHOR_MISCONDUCT,publications,publications ~ arm,224822,17294,2305,22.461552281710365,,,,,
k-6:EDITORIAL_COMPROMISE,-2.43550125763566,0.7420436556683087,-3.282153602461796,0.0010301747161740593,-3.8899068227455444,-0.981095692525775,-6,EDITORIAL_COMPROMISE,publications,publications ~ arm,224822,17294,2305,22.461552281710365,,,,,
k-5:EDITORIAL_COMPROMISE,-2.260150916277413,0.6501172042607889,-3.4765283882116322,0.0005079504506950716,-3.5343806366285593,-0.9859211959262668,-5,EDITORIAL_COMPROMISE,publications,publications ~ arm,224822,17294,2305,22.461552281710365,,,,,
k-4:EDITORIAL_COMPROMISE,-1.60941430111392,0.39372072744866515,-4.087705291877888,4.356611020028822e-05,-2.3811069269133034,-0.8377216753145362,-4,EDITORIAL_COMPROMISE,publications,publications ~ arm,224822,17294,2305,22.461552281710365,,,,,
k-3:EDITORIAL_COMPROMISE,-0.9389148401006244,0.11757960002988042,-7.985354941350529,1.3322676295501878e-15,-1.16937085615919,-0.7084588240420588,-3,EDITORIAL_COMPROMISE,publications,publications ~ arm,224822,17294,2305,22.461552281710365,,,,,
k+0:EDITORIAL_COMPROMISE,1.0441969098095434,0.30208078023263785,3.456681054006112,0.0005468716978518362,0.45211858055357323,1.6362752390655135,0,EDITORIAL_COMPROMISE,publications,publications ~ arm,224822,17294,2305,22.461552281710365,,,,,
k+1:EDITORIAL_COMPROMISE,0.4268774703557161,0.25509433957999794,1.6734102021179766,0.09424657082063304,-0.07310743522107988,0.9268623759325121,1,EDITORIAL_COMPROMISE,publications,publications ~ arm,224822,17294,2305,22.461552281710365,,,,,
k+2:EDITORIAL_COMPROMISE,0.5300035932446845,0.19869457664039972,2.667428584142448,0.007643413164645452,0.14056222302950105,0.9194449634598679,2,EDITORIAL_COMPROMISE,publications,publications ~ arm,224822,17294,2305,22.461552281710365,,,,,
k+3:EDITORIAL_COMPROMISE,0.7772188286022137,0.28843797357875783,2.694578730251669,0.007047767430480967,0.2118804003878484,1.342557256816579,3,EDITORIAL_COMPROMISE,publications,publications ~ arm,224822,17294,2305,22.461552281710365,,,,,
k+4:EDITORIAL_COMPROMISE,1.2324829320876618,0.30382748106756813,4.056522233463043,4.980882304694845e-05,0.6369810691952282,1.8279847949800954,4,EDITORIAL_COMPROMISE,publications,publications ~ arm,224822,17294,2305,22.461552281710365,,,,,
k+5:EDITORIAL_COMPROMISE,1.0395256916995905,0.41965860035101304,2.4770746764872804,0.013246418342754307,0.216994835011605,1.8620565483875762,5,EDITORIAL_COMPROMISE,publications,publications ~ arm,224822,17294,2305,22.461552281710365,,,,,
k+6:EDITORIAL_COMPROMISE,1.2163133309378207,0.7375992726545414,1.649016445692033,0.09914426557014244,-0.22938124346508038,2.6620079053407215,6,EDITORIAL_COMPROMISE,publications,publications ~ arm,224822,17294,2305,22.461552281710365,,,,,
k-6:HONEST_ERROR,-1.4192889252145489,0.5659421260304085,-2.507834034496823,0.012147370698073479,-2.528535492234149,-0.3100423581949483,-6,HONEST_ERROR,publications,publications ~ arm,224822,17294,2305,22.461552281710365,,,,,
k-5:HONEST_ERROR,-1.7637923988557411,0.13508402985794096,-13.057001636023195,0.0,-2.0285570973773055,-1.4990277003341768,-5,HONEST_ERROR,publications,publications ~ arm,224822,17294,2305,22.461552281710365,,,,,
k-4:HONEST_ERROR,-1.2956681651001212,0.1187243403026431,-10.913247964126834,0.0,-1.5283678720933016,-1.0629684581069407,-4,HONEST_ERROR,publications,publications ~ arm,224822,17294,2305,22.461552281710365,,,,,
k-3:HONEST_ERROR,-0.5028606456885985,0.1165171938342568,-4.315763443495789,1.5905223707202154e-05,-0.7312343456037418,-0.2744869457734551,-3,HONEST_ERROR,publications,publications ~ arm,224822,17294,2305,22.461552281710365,,,,,
k+0:HONEST_ERROR,0.9246015529219473,0.12595112688536558,7.340954986162795,2.120525977034049e-13,0.6777373442266308,1.171465761617264,0,HONEST_ERROR,publications,publications ~ arm,224822,17294,2305,22.461552281710365,,,,,
k+1:HONEST_ERROR,0.3463424601552928,0.14567953941865414,2.3774269299408832,0.017433896729066145,0.06081056289473069,0.631874357415855,1,HONEST_ERROR,publications,publications ~ arm,224822,17294,2305,22.461552281710365,,,,,
k+2:HONEST_ERROR,0.6334286881896203,0.14272941055398475,4.437968921268946,9.081172722247288e-06,0.3536790435038102,0.9131783328754304,2,HONEST_ERROR,publications,publications ~ arm,224822,17294,2305,22.461552281710365,,,,,
k+3:HONEST_ERROR,0.6446669391091158,0.1470284470639811,4.384640877207807,1.1617727855739446e-05,0.3564911828637128,0.9328426953545188,3,HONEST_ERROR,publications,publications ~ arm,224822,17294,2305,22.461552281710365,,,,,
k+4:HONEST_ERROR,1.4613812832039237,0.4703289683038048,3.1071470857392685,0.0018890238489928102,0.5395365053284663,2.383226061079381,4,HONEST_ERROR,publications,publications ~ arm,224822,17294,2305,22.461552281710365,,,,,
k+5:HONEST_ERROR,1.2729873314262374,0.26970765265103375,4.7198784273033425,2.3598563956284124e-06,0.7443603322302113,1.8016143306222636,5,HONEST_ERROR,publications,publications ~ arm,224822,17294,2305,22.461552281710365,,,,,
k+6:HONEST_ERROR,1.2282386595831654,0.3004826111087873,4.087553203331594,4.3594672006985746e-05,0.6392927418099422,1.8171845773563886,6,HONEST_ERROR,publications,publications ~ arm,224822,17294,2305,22.461552281710365,,,,,
k-6:False,-1.6994667760459337,0.2948495599493066,-5.763843691468023,8.221956893095239e-09,-2.277371913546575,-1.1215616385452927,-6,False,publications,publications ~ position,250445,19265,2539,11.199293286219156,,,,,
k-5:False,-1.5085726004922004,0.18992048741427336,-7.943179911925735,1.9984014443252818e-15,-1.8808167558241762,-1.1363284451602247,-5,False,publications,publications ~ position,250445,19265,2539,11.199293286219156,,,,,
k-4:False,-1.1463084495488052,0.13533094971366696,-8.470408668336127,0.0,-1.4115571109875924,-0.881059788110018,-4,False,publications,publications ~ position,250445,19265,2539,11.199293286219156,,,,,
k-3:False,-0.57034454470877,0.07195422899007296,-7.926490947286179,2.220446049250313e-15,-0.7113748335293131,-0.429314255888227,-3,False,publications,publications ~ position,250445,19265,2539,11.199293286219156,,,,,
k+0:False,0.775758818703862,0.08406278412277754,9.22832650380495,0.0,0.610995761823218,0.940521875584506,0,False,publications,publications ~ position,250445,19265,2539,11.199293286219156,,,,,
k+1:False,0.35836751435603753,0.0806666999932373,4.4425706566164385,8.889042899973276e-06,0.2002607823692924,0.5164742463427827,1,False,publications,publications ~ position,250445,19265,2539,11.199293286219156,,,,,
k+2:False,0.46591468416735815,0.07838146109933722,5.944194936311258,2.778188346042043e-09,0.3122870204126572,0.6195423479220591,2,False,publications,publications ~ position,250445,19265,2539,11.199293286219156,,,,,
k+3:False,0.5305578342904091,0.09371873227752436,5.66117169318185,1.5034291145354928e-08,0.3468691190264614,0.7142465495543568,3,False,publications,publications ~ position,250445,19265,2539,11.199293286219156,,,,,
k+4:False,1.777645611156687,0.266064767072707,6.681251451346481,2.3691049122476215e-11,1.2561586676941814,2.2991325546191925,4,False,publications,publications ~ position,250445,19265,2539,11.199293286219156,,,,,
k+5:False,1.4030762920426607,0.19430388710847996,7.2210407775286685,5.160316618457728e-13,1.02224067331004,1.7839119107752814,5,False,publications,publications ~ position,250445,19265,2539,11.199293286219156,,,,,
k+6:False,1.3645200984413488,0.21961406417698268,6.213263724957564,5.189524365789566e-10,0.9340765326544628,1.7949636642282347,6,False,publications,publications ~ position,250445,19265,2539,11.199293286219156,,,,,
k-6:True,-1.4941342756183855,0.19778339232463604,-7.5543970505165365,4.218847493575595e-14,-1.8817897245746722,-1.1064788266620988,-6,True,publications,publications ~ position,250445,19265,2539,11.199293286219156,,,,,
k-5:True,-1.486643109540647,0.10235607726656691,-14.524229036923407,0.0,-1.687261020983118,-1.2860251980981758,-5,True,publications,publications ~ position,250445,19265,2539,11.199293286219156,,,,,
k-4:True,-1.0513074204947106,0.08501249750399252,-12.366504353613855,0.0,-1.2179319156025359,-0.8846829253868853,-4,True,publications,publications ~ position,250445,19265,2539,11.199293286219156,,,,,
k-3:True,-0.5351236749116693,0.09625955571822845,-5.559174576683967,2.710534729999381e-08,-0.723792404119397,-0.3464549457039416,-3,True,publications,publications ~ position,250445,19265,2539,11.199293286219156,,,,,
k+0:True,0.78869257950529,0.08108023810048452,9.727309613075457,0.0,0.6297753128283403,0.9476098461822398,0,True,publications,publications ~ position,250445,19265,2539,11.199293286219156,,,,,
k+1:True,0.139929328621898,0.08699045573033788,1.608559553425787,0.1077126843253462,-0.03057196460956424,0.31043062185336023,1,True,publications,publications ~ position,250445,19265,2539,11.199293286219156,,,,,
k+2:True,0.24805653710246406,0.09792947001365053,2.5330121470879714,0.011308703392991726,0.05611477587570901,0.4399982983292191,2,True,publications,publications ~ position,250445,19265,2539,11.199293286219156,,,,,
k+3:True,0.37795053003532564,0.11697221990402497,3.2311135955650996,0.0012330892325618237,0.1486849790234367,0.6072160810472146,3,True,publications,publications ~ position,250445,19265,2539,11.199293286219156,,,,,
k+4:True,0.7564664310953958,0.12010009528768348,6.2986330633908585,3.002820214703661e-10,0.5210702443315361,0.9918626178592554,4,True,publications,publications ~ position,250445,19265,2539,11.199293286219156,,,,,
k+5:True,0.9091166077738418,0.16342839677061982,5.562782391176693,2.6550689202764488e-08,0.5887969501034269,1.2294362654442568,5,True,publications,publications ~ position,250445,19265,2539,11.199293286219156,,,,,
k+6:True,0.8965371024734883,0.18697988288301393,4.79483187522594,1.6281131807183158e-06,0.530056532022781,1.2630176729241955,6,True,publications,publications ~ position,250445,19265,2539,11.199293286219156,,,,,
k-6:False,-0.11616078753076418,0.009638285767578218,-12.052017374449726,0.0,-0.1350518276352175,-0.09726974742631088,-6,False,active,active ~ position,250445,19265,2539,11.199293286219156,,,,,1.0
k-5:False,-0.08884331419196165,0.009584132640073427,-9.26983353929052,0.0,-0.10762821416650556,-0.07005841421741774,-5,False,active,active ~ position,250445,19265,2539,11.199293286219156,,,,,1.0
k-4:False,-0.05865463494667843,0.007483329825065731,-7.8380395248933485,4.440892098500626e-15,-0.07332196140380726,-0.0439873084895496,-4,False,active,active ~ position,250445,19265,2539,11.199293286219156,,,,,1.0
k-3:False,-0.022231337161608702,0.004926494514548857,-4.512607716492004,6.4035394393702205e-06,-0.03188726641012446,-0.012575407913092944,-3,False,active,active ~ position,250445,19265,2539,11.199293286219156,,,,,1.0
k+0:False,0.07604593929450194,0.008294943593781426,9.167746402942662,0.0,0.05978784985069035,0.09230402873831353,0,False,active,active ~ position,250445,19265,2539,11.199293286219156,,,,,1.0
k+1:False,-0.04372436423297856,0.004166250388506664,-10.494895926946668,0.0,-0.05189021499445162,-0.0355585134715055,1,False,active,active ~ position,250445,19265,2539,11.199293286219156,,,,,1.0
k+2:False,-0.057834290401969524,0.00391263759405987,-14.781407429549061,0.0,-0.06550306008632686,-0.050165520717612176,2,False,active,active ~ position,250445,19265,2539,11.199293286219156,,,,,1.0
k+3:False,-0.07161607875307709,0.004165140128929029,-17.19415830830439,0.0,-0.07977975340577799,-0.06345240410037618,3,False,active,active ~ position,250445,19265,2539,11.199293286219156,,,,,1.0
k+4:False,-0.07448728465955777,0.004811474974730043,-15.481174702303637,0.0,-0.08391777561002865,-0.06505679370908689,4,False,active,active ~ position,250445,19265,2539,11.199293286219156,,,,,1.0
k+5:False,-0.08949958982772849,0.004426741693342472,-20.217938164842547,0.0,-0.09817600354667973,-0.08082317610877725,5,False,active,active ~ position,250445,19265,2539,11.199293286219156,,,,,1.0
k+6:False,-0.09589827727645693,0.004858080385602536,-19.739952751844573,0.0,-0.1054201148322379,-0.08637643972067596,6,False,active,active ~ position,250445,19265,2539,11.199293286219156,,,,,1.0
k-6:True,-0.13660777385159095,0.007955703810681173,-17.17104823185901,0.0,-0.15220095332052605,-0.12101459438265585,-6,True,active,active ~ position,250445,19265,2539,11.199293286219156,,,,,1.0
k-5:True,-0.10537102473498305,0.00788548771196577,-13.36265156752304,0.0,-0.12082658065043596,-0.08991546881953015,-5,True,active,active ~ position,250445,19265,2539,11.199293286219156,,,,,1.0
k-4:True,-0.07540636042402885,0.006348952155500755,-11.876977267610451,0.0,-0.08785030664881033,-0.06296241419924736,-4,True,active,active ~ position,250445,19265,2539,11.199293286219156,,,,,1.0
k-3:True,-0.022826855123675605,0.005322210950426285,-4.288979774814689,1.794957154777066e-05,-0.033258388586511124,-0.012395321660840085,-3,True,active,active ~ position,250445,19265,2539,11.199293286219156,,,,,1.0
k+0:True,0.06395759717314371,0.006029360367771292,10.607691906261884,0.0,0.05214005085231198,0.07577514349397545,0,True,active,active ~ position,250445,19265,2539,11.199293286219156,,,,,1.0
k+1:True,-0.05759717314487703,0.0048568643213059625,-11.85892158696122,0.0,-0.06711662721463671,-0.04807771907511734,1,True,active,active ~ position,250445,19265,2539,11.199293286219156,,,,,1.0
k+2:True,-0.06226148409894057,0.0047371707985735855,-13.143179071712632,0.0,-0.0715463388641448,-0.05297662933373634,2,True,active,active ~ position,250445,19265,2539,11.199293286219156,,,,,1.0
k+3:True,-0.07681978798586639,0.005024444138213476,-15.289211278440233,0.0,-0.0866676984967648,-0.06697187747496798,3,True,active,active ~ position,250445,19265,2539,11.199293286219156,,,,,1.0
k+4:True,-0.08219081272084873,0.004849217176381279,-16.94929505759598,0.0,-0.09169527838655604,-0.07268634705514142,4,True,active,active ~ position,250445,19265,2539,11.199293286219156,,,,,1.0
k+5:True,-0.09067137809187348,0.005009754674067536,-18.09896571607074,0.0,-0.10049049725304585,-0.08085225893070111,5,True,active,active ~ position,250445,19265,2539,11.199293286219156,,,,,1.0
k+6:True,-0.10113074204947067,0.0050176097712820705,-20.155162848311804,0.0,-0.11096525720118353,-0.09129622689775782,6,True,active,active ~ position,250445,19265,2539,11.199293286219156,,,,,1.0
k+0:False,0.593765381460227,0.24182924350965618,2.455308435170778,0.014076375478180525,0.11978006418130083,1.067750698739153,0,False,publications,PLACEBO publications ~ position,96325,19265,2539,8.614840989399301,,,,,
k+1:False,0.7846595570139605,0.11044119584918878,7.104772372126791,1.20525811553307e-12,0.5681948131495504,1.0011243008783706,1,False,publications,PLACEBO publications ~ position,96325,19265,2539,8.614840989399301,,,,,
k+2:False,1.1469237079573569,0.1272589089311393,9.012521933360008,0.0,0.8974962464523238,1.39635116946239,2,False,publications,PLACEBO publications ~ position,96325,19265,2539,8.614840989399301,,,,,
k+3:False,1.7228876127973893,0.19676281616415073,8.756164637123604,0.0,1.3372324931156538,2.108542732479125,3,False,publications,PLACEBO publications ~ position,96325,19265,2539,8.614840989399301,,,,,
k+0:True,0.7150530035335736,0.17731344935230914,4.032705957419025,5.5138254188680236e-05,0.3675186428030477,1.0625873642640995,0,True,publications,PLACEBO publications ~ position,96325,19265,2539,8.614840989399301,,,,,
k+1:True,0.7225441696113122,0.06757267473671928,10.692845479722864,0.0,0.5901017271273423,0.854986612095282,1,True,publications,PLACEBO publications ~ position,96325,19265,2539,8.614840989399301,,,,,
k+2:True,1.1578798586572467,0.07636203134688943,15.163031132544806,0.0,1.0082102772173434,1.3075494400971501,2,True,publications,PLACEBO publications ~ position,96325,19265,2539,8.614840989399301,,,,,
k+3:True,1.6740636042402874,0.1040196381908295,16.09372646700741,0.0,1.4701851133862616,1.8779420950943133,3,True,publications,PLACEBO publications ~ position,96325,19265,2539,8.614840989399301,,,,,
k+0:False,20.21408534009003,2.131818229104881,9.482086729588397,0.0,16.035721611044465,24.392449069135594,0,False,citations,PLACEBO citations ~ position,92852,25486,3098,17.963104325699796,,,,,
k+1:False,37.70204269728537,3.3651341699629964,11.203726446871492,0.0,31.106379724157897,44.297705670412846,1,False,citations,PLACEBO citations ~ position,92852,25486,3098,17.963104325699796,,,,,
k+2:False,55.51694263393903,4.779615238396087,11.615358112501344,0.0,46.148896766682704,64.88498850119537,2,False,citations,PLACEBO citations ~ position,92852,25486,3098,17.963104325699796,,,,,
k+3:False,76.63444387340357,7.769893817570714,9.862997574059978,0.0,61.40545199096497,91.86343575584218,3,False,citations,PLACEBO citations ~ position,92852,25486,3098,17.963104325699796,,,,,
k+0:True,14.317368772674484,1.981502408029179,7.225511669660132,4.991562718714704e-13,10.433624052937294,18.201113492411675,0,True,citations,PLACEBO citations ~ position,92852,25486,3098,17.963104325699796,,,,,
k+1:True,28.978798544616808,2.6320199858698676,11.010098213611961,0.0,23.820039372311868,34.13755771692175,1,True,citations,PLACEBO citations ~ position,92852,25486,3098,17.963104325699796,,,,,
k+2:True,43.609173007658896,3.2512220055511594,13.413163706815556,0.0,37.236777876778625,49.98156813853917,2,True,citations,PLACEBO citations ~ position,92852,25486,3098,17.963104325699796,,,,,
k+3:True,59.70840013306408,3.861533102410628,15.462356154810662,0.0,52.139795252339255,67.27700501378891,3,True,citations,PLACEBO citations ~ position,92852,25486,3098,17.963104325699796,,,,,
k-3:False,-35.328214020311705,2.755817981095663,-12.819501963720352,0.0,-40.7296172632592,-29.926810777364206,-3,False,citations,citations ~ position,178402,25486,3098,6.052473763118434,,,,,
k+0:False,61.55635372801632,5.187085186153397,11.867234008868255,0.0,51.38966676315566,71.72304069287698,0,False,citations,citations ~ position,178402,25486,3098,6.052473763118434,,,,,
k+1:False,110.43968293287156,8.041357971355499,13.733959279797514,0.0,94.67862130901479,126.20074455672834,1,False,citations,citations ~ position,178402,25486,3098,6.052473763118434,,,,,
k+2:False,149.935967302453,10.256682325981298,14.618369033683416,0.0,129.83286994352966,170.03906466137636,2,False,citations,citations ~ position,178402,25486,3098,6.052473763118434,,,,,
k+3:False,177.12410205598277,9.398428679319423,18.8461399346182,0.0,158.7031818445167,195.54502226744884,3,False,citations,citations ~ position,178402,25486,3098,6.052473763118434,,,,,
k-3:True,-30.046905118869077,1.4690034223891864,-20.45393813310578,0.0,-32.926151826751884,-27.16765841098627,-3,True,citations,citations ~ position,178402,25486,3098,6.052473763118434,,,,,
k+0:True,50.829942171771215,3.471918888541416,14.6403023237462,0.0,44.02498115023004,57.63490319331239,0,True,citations,citations ~ position,178402,25486,3098,6.052473763118434,,,,,
k+1:True,86.39623045620048,4.415854614213648,19.565007909932167,0.0,77.74115541234173,95.05130550005924,1,True,citations,citations ~ position,178402,25486,3098,6.052473763118434,,,,,
k+2:True,118.32908545727136,5.305890201123165,22.301457620103626,0.0,107.92954066306996,128.72863025147277,2,True,citations,citations ~ position,178402,25486,3098,6.052473763118434,,,,,
k+3:True,150.27789676590277,6.43140268210247,23.366270811202867,0.0,137.67234750898191,162.88344602282362,3,True,citations,citations ~ position,178402,25486,3098,6.052473763118434,,,,,
k-3:AUTHOR_MISCONDUCT,-25.80632626097762,1.023524987152583,-25.21318637542018,0.0,-27.812435235796684,-23.800217286158556,-3,AUTHOR_MISCONDUCT,citations,citations ~ arm,158431,22633,2815,13.882398273736216,,,,,
k+0:AUTHOR_MISCONDUCT,43.331001787518446,2.4482961276953588,17.69843169596767,0.0,38.53234137723554,48.12966219780135,0,AUTHOR_MISCONDUCT,citations,citations ~ arm,158431,22633,2815,13.882398273736216,,,,,
k+1:AUTHOR_MISCONDUCT,78.16530659827468,5.173572717175922,15.108574068896527,0.0,68.02510407260988,88.30550912393949,1,AUTHOR_MISCONDUCT,citations,citations ~ arm,158431,22633,2815,13.882398273736216,,,,,
k+2:AUTHOR_MISCONDUCT,106.57861195305833,5.672161502375998,18.78977033859383,0.0,95.46117540840137,117.69604849771528,2,AUTHOR_MISCONDUCT,citations,citations ~ arm,158431,22633,2815,13.882398273736216,,,,,
k+3:AUTHOR_MISCONDUCT,131.3948861428462,5.297744124405355,24.802044616980176,0.0,121.01130765901169,141.7784646266807,3,AUTHOR_MISCONDUCT,citations,citations ~ arm,158431,22633,2815,13.882398273736216,,,,,
k-3:EDITORIAL_COMPROMISE,-39.71377928483301,12.080035145775458,-3.2875549454606863,0.0010106146577220088,-63.39064817055291,-16.03691039911311,-3,EDITORIAL_COMPROMISE,citations,citations ~ arm,158431,22633,2815,13.882398273736216,,,,,
k+0:EDITORIAL_COMPROMISE,73.74737977805259,23.55755642359167,3.130519076426722,0.0017449766555694968,27.57456918781292,119.92019036829225,0,EDITORIAL_COMPROMISE,citations,citations ~ arm,158431,22633,2815,13.882398273736216,,,,,
k+1:EDITORIAL_COMPROMISE,112.64010480887873,29.556900088674517,3.8109579986718454,0.0001384292880119986,54.70858063507668,170.57162898268078,1,EDITORIAL_COMPROMISE,citations,citations ~ arm,158431,22633,2815,13.882398273736216,,,,,
k+2:EDITORIAL_COMPROMISE,155.13856350185037,40.216713990323825,3.857564383285438,0.00011452251856347573,76.31380408081567,233.96332292288508,2,EDITORIAL_COMPROMISE,citations,citations ~ arm,158431,22633,2815,13.882398273736216,,,,,
k+3:EDITORIAL_COMPROMISE,182.45699753390954,31.79877806286364,5.737861913222158,9.587923788245689e-09,120.13139253069681,244.78260253712227,3,EDITORIAL_COMPROMISE,citations,citations ~ arm,158431,22633,2815,13.882398273736216,,,,,
k-3:HONEST_ERROR,-46.447485433915716,3.299691860704863,-14.076309969135677,0.0,-52.91488148089725,-39.98008938693418,-3,HONEST_ERROR,citations,citations ~ arm,158431,22633,2815,13.882398273736216,,,,,
k+0:HONEST_ERROR,72.7365072063787,5.529114313683463,13.155182381809372,0.0,61.89944315155912,83.5735712611983,0,HONEST_ERROR,citations,citations ~ arm,158431,22633,2815,13.882398273736216,,,,,
k+1:HONEST_ERROR,137.04024839006456,12.335814106423994,11.109136957462704,0.0,112.86205274147353,161.2184440386556,1,HONEST_ERROR,citations,citations ~ arm,158431,22633,2815,13.882398273736216,,,,,
k+2:HONEST_ERROR,189.15708371665147,14.998607348953362,12.611643155646133,0.0,159.75981331270287,218.55435412060007,2,HONEST_ERROR,citations,citations ~ arm,158431,22633,2815,13.882398273736216,,,,,
k+3:HONEST_ERROR,229.87680159460297,15.658305014280161,14.680822821177545,0.0,199.18652376661385,260.5670794225921,3,HONEST_ERROR,citations,citations ~ arm,158431,22633,2815,13.882398273736216,,,,,
k-6:AUTHOR_MISCONDUCT,-0.6868600682593805,0.01638530048487297,-41.91928423244327,0.0,-0.7189752572097315,-0.6547448793090295,-6,AUTHOR_MISCONDUCT,active,active ~ arm | career_band=early (<5y),13962,1074,641,18.856435643564456,early (<5y),,,,1.0
k-5:AUTHOR_MISCONDUCT,-0.6868600682593805,0.0163853004848729,-41.919284232443445,0.0,-0.7189752572097314,-0.6547448793090296,-5,AUTHOR_MISCONDUCT,active,active ~ arm | career_band=early (<5y),13962,1074,641,18.856435643564456,early (<5y),,,,1.0
k-4:AUTHOR_MISCONDUCT,-0.20392491467576307,0.0275205465759772,-7.409915137869027,1.2634338020234281e-13,-0.2578651859646784,-0.14998464338684775,-4,AUTHOR_MISCONDUCT,active,active ~ arm | career_band=early (<5y),13962,1074,641,18.856435643564456,early (<5y),,,,1.0
k-3:AUTHOR_MISCONDUCT,0.14931740614334932,0.020663898221494507,7.22600375509157,4.973799150320701e-13,0.10881616562922009,0.18981864665747855,-3,AUTHOR_MISCONDUCT,active,active ~ arm | career_band=early (<5y),13962,1074,641,18.856435643564456,early (<5y),,,,1.0
k+0:AUTHOR_MISCONDUCT,0.11860068259386125,0.02272793800445154,5.218277283695155,1.8059496387223817e-07,0.07405392410513623,0.16314744108258628,0,AUTHOR_MISCONDUCT,active,active ~ arm | career_band=early (<5y),13962,1074,641,18.856435643564456,early (<5y),,,,1.0
k+1:AUTHOR_MISCONDUCT,-0.1749146757679134,0.02220848052113895,-7.876030762276706,3.3306690738754696e-15,-0.21844329758934572,-0.13138605394648106,1,AUTHOR_MISCONDUCT,active,active ~ arm | career_band=early (<5y),13962,1074,641,18.856435643564456,early (<5y),,,,1.0
k+2:AUTHOR_MISCONDUCT,-0.1902730375426571,0.022450120524796696,-8.475368198246239,0.0,-0.23427527377125862,-0.14627080131405557,2,AUTHOR_MISCONDUCT,active,active ~ arm | career_band=early (<5y),13962,1074,641,18.856435643564456,early (<5y),,,,1.0
k+3:AUTHOR_MISCONDUCT,-0.1851535836177426,0.02187215929080797,-8.465263129989893,0.0,-0.22802301582772622,-0.14228415140775896,3,AUTHOR_MISCONDUCT,active,active ~ arm | career_band=early (<5y),13962,1074,641,18.856435643564456,early (<5y),,,,1.0
k+4:AUTHOR_MISCONDUCT,-0.18003412969282798,0.022306069158408808,-8.071082736016704,6.661338147750939e-16,-0.22375402524330923,-0.13631423414234672,4,AUTHOR_MISCONDUCT,active,active ~ arm | career_band=early (<5y),13962,1074,641,18.856435643564456,early (<5y),,,,1.0
k+5:AUTHOR_MISCONDUCT,-0.2073378839590395,0.023405797148068598,-8.858398739739084,0.0,-0.2532132463692539,-0.16146252154882504,5,AUTHOR_MISCONDUCT,active,active ~ arm | career_band=early (<5y),13962,1074,641,18.856435643564456,early (<5y),,,,1.0
k+6:AUTHOR_MISCONDUCT,-0.20563139931740138,0.02385261904100246,-8.620914917725498,0.0,-0.2523825326377662,-0.15888026599703656,6,AUTHOR_MISCONDUCT,active,active ~ arm | career_band=early (<5y),13962,1074,641,18.856435643564456,early (<5y),,,,1.0
k-6:EDITORIAL_COMPROMISE,-0.700495049504952,0.037813089670787024,-18.525200019455912,0.0,-0.7746087052596946,-0.6263813937502094,-6,EDITORIAL_COMPROMISE,active,active ~ arm | career_band=early (<5y),13962,1074,641,18.856435643564456,early (<5y),,,,1.0
k-5:EDITORIAL_COMPROMISE,-0.7004950495049518,0.03781308967078699,-18.525200019455927,0.0,-0.7746087052596943,-0.6263813937502093,-5,EDITORIAL_COMPROMISE,active,active ~ arm | career_band=early (<5y),13962,1074,641,18.856435643564456,early (<5y),,,,1.0
k-4:EDITORIAL_COMPROMISE,-0.19554455445544652,0.04427000471249786,-4.41708908154334,1.0003900872357363e-05,-0.28231376369194233,-0.10877534521895071,-4,EDITORIAL_COMPROMISE,active,active ~ arm | career_band=early (<5y),13962,1074,641,18.856435643564456,early (<5y),,,,1.0
k-3:EDITORIAL_COMPROMISE,0.10148514851485019,0.050044114499142506,2.027913762298444,0.04256905029129632,0.0033986840965308796,0.1995716129331695,-3,EDITORIAL_COMPROMISE,active,active ~ arm | career_band=early (<5y),13962,1074,641,18.856435643564456,early (<5y),,,,1.0
k+0:EDITORIAL_COMPROMISE,0.08168316831683062,0.052404835337634854,1.558695257614317,0.11906852476386476,-0.0210303089449337,0.18439664557859492,0,EDITORIAL_COMPROMISE,active,active ~ arm | career_band=early (<5y),13962,1074,641,18.856435643564456,early (<5y),,,,1.0
k+1:EDITORIAL_COMPROMISE,-0.05693069306930812,0.05314071329948066,-1.0713197007437327,0.28402570456313114,-0.1610864911362902,0.047225104997673975,1,EDITORIAL_COMPROMISE,active,active ~ arm | career_band=early (<5y),13962,1074,641,18.856435643564456,early (<5y),,,,1.0
k+2:EDITORIAL_COMPROMISE,-0.11138613861386265,0.046356904505136826,-2.402795005467199,0.016270305278437203,-0.20224567144393082,-0.020526605783794477,2,EDITORIAL_COMPROMISE,active,active ~ arm | career_band=early (<5y),13962,1074,641,18.856435643564456,early (<5y),,,,1.0
k+3:EDITORIAL_COMPROMISE,-0.1212871287128724,0.06815178440416732,-1.7796618206442145,0.07513132228615804,-0.25486462614504035,0.012290368719295536,3,EDITORIAL_COMPROMISE,active,active ~ arm | career_band=early (<5y),13962,1074,641,18.856435643564456,early (<5y),,,,1.0
k+4:EDITORIAL_COMPROMISE,-0.15594059405940702,0.05888955905351291,-2.6480176888012337,0.008096528865869423,-0.2713641298042923,-0.04051705831452172,4,EDITORIAL_COMPROMISE,active,active ~ arm | career_band=early (<5y),13962,1074,641,18.856435643564456,early (<5y),,,,1.0
k+5:EDITORIAL_COMPROMISE,-0.12623762376237735,0.057978431788672166,-2.1773204253351617,0.029456668248338147,-0.2398753500681748,-0.012599897456579912,5,EDITORIAL_COMPROMISE,active,active ~ arm | career_band=early (<5y),13962,1074,641,18.856435643564456,early (<5y),,,,1.0
k+6:EDITORIAL_COMPROMISE,-0.16089108910891198,0.05590665369019445,-2.877852249939454,0.004003926190434326,-0.2704681303416931,-0.05131404787613085,6,EDITORIAL_COMPROMISE,active,active ~ arm | career_band=early (<5y),13962,1074,641,18.856435643564456,early (<5y),,,,1.0
k-6:HONEST_ERROR,-0.7202797202797229,0.019430989698717826,-37.068606975137826,0.0,-0.7583644600892098,-0.682194980470236,-6,HONEST_ERROR,active,active ~ arm | career_band=early (<5y),13962,1074,641,18.856435643564456,early (<5y),,,,1.0
k-5:HONEST_ERROR,-0.7202797202797225,0.019430989698717867,-37.06860697513773,0.0,-0.7583644600892095,-0.6821949804702355,-5,HONEST_ERROR,active,active ~ arm | career_band=early (<5y),13962,1074,641,18.856435643564456,early (<5y),,,,1.0
k-4:HONEST_ERROR,-0.24125874125874397,0.036085002443164614,-6.685845224445711,2.2959412149248237e-11,-0.3119853460473466,-0.17053213647014132,-4,HONEST_ERROR,active,active ~ arm | career_band=early (<5y),13962,1074,641,18.856435643564456,early (<5y),,,,1.0
k-3:HONEST_ERROR,0.0769230769230741,0.02907210256566705,2.6459413022956606,0.0081463950901981,0.019941755894366676,0.13390439795178152,-3,HONEST_ERROR,active,active ~ arm | career_band=early (<5y),13962,1074,641,18.856435643564456,early (<5y),,,,1.0
k+0:HONEST_ERROR,0.15384615384615136,0.03189508426828188,4.823506737028562,1.4105600043556876e-06,0.09133178868031887,0.21636051901198383,0,HONEST_ERROR,active,active ~ arm | career_band=early (<5y),13962,1074,641,18.856435643564456,early (<5y),,,,1.0
k+1:HONEST_ERROR,-0.11188811188811443,0.029400857561859076,-3.8056070865519174,0.00014145679380339615,-0.1695137927093582,-0.05426243106687064,1,HONEST_ERROR,active,active ~ arm | career_band=early (<5y),13962,1074,641,18.856435643564456,early (<5y),,,,1.0
k+2:HONEST_ERROR,-0.17482517482517732,0.03403323820381693,-5.136895107606016,2.793147504398519e-07,-0.2415303217046585,-0.10812002794569614,2,HONEST_ERROR,active,active ~ arm | career_band=early (<5y),13962,1074,641,18.856435643564456,early (<5y),,,,1.0
k+3:HONEST_ERROR,-0.15384615384615644,0.030534096893533105,-5.038503492754027,4.6918585994149e-07,-0.21369298375748133,-0.09399932393483154,3,HONEST_ERROR,active,active ~ arm | career_band=early (<5y),13962,1074,641,18.856435643564456,early (<5y),,,,1.0
k+4:HONEST_ERROR,-0.213286713286716,0.03257841764692589,-6.54687147786755,5.875477882000268e-11,-0.27714041187469074,-0.14943301469874126,4,HONEST_ERROR,active,active ~ arm | career_band=early (<5y),13962,1074,641,18.856435643564456,early (<5y),,,,1.0
k+5:HONEST_ERROR,-0.20279720279720548,0.03498743180575256,-5.796287190300775,6.779912187226955e-09,-0.2713725691364805,-0.13422183645793045,5,HONEST_ERROR,active,active ~ arm | career_band=early (<5y),13962,1074,641,18.856435643564456,early (<5y),,,,1.0
k+6:HONEST_ERROR,-0.22727272727272993,0.03381639045119067,-6.720786111124633,1.8074652885502474e-11,-0.29355285255706365,-0.1609926019883962,6,HONEST_ERROR,active,active ~ arm | career_band=early (<5y),13962,1074,641,18.856435643564456,early (<5y),,,,1.0
k-6:AUTHOR_MISCONDUCT,-0.14329268292682845,0.016660575510267842,-8.600704269700515,0.0,-0.17594741092695343,-0.11063795492670347,-6,AUTHOR_MISCONDUCT,active,active ~ arm | career_band=mid (5-10y),36530,2810,1200,23.073593073593177,mid (5-10y),,,,1.0
k-5:AUTHOR_MISCONDUCT,-0.03170731707316991,0.020506376375404152,-1.546217454157354,0.12205205955494458,-0.07189981476896205,0.008485180622622226,-5,AUTHOR_MISCONDUCT,active,active ~ arm | career_band=mid (5-10y),36530,2810,1200,23.073593073593177,mid (5-10y),,,,1.0
k-4:AUTHOR_MISCONDUCT,-0.08048780487804796,0.018457204024656643,-4.360779930184754,1.2959966319670002e-05,-0.11666392476637498,-0.04431168498972095,-4,AUTHOR_MISCONDUCT,active,active ~ arm | career_band=mid (5-10y),36530,2810,1200,23.073593073593177,mid (5-10y),,,,1.0
k-3:AUTHOR_MISCONDUCT,-0.06463414634146272,0.015061266909932628,-4.291414973785352,1.7753818243093633e-05,-0.09415422948493067,-0.035114063197994774,-3,AUTHOR_MISCONDUCT,active,active ~ arm | career_band=mid (5-10y),36530,2810,1200,23.073593073593177,mid (5-10y),,,,1.0
k+0:AUTHOR_MISCONDUCT,0.13597560975609818,0.013835231018485179,9.828213896422971,0.0,0.10885855695986724,0.16309266255232913,0,AUTHOR_MISCONDUCT,active,active ~ arm | career_band=mid (5-10y),36530,2810,1200,23.073593073593177,mid (5-10y),,,,1.0
k+1:AUTHOR_MISCONDUCT,-0.1060975609756089,0.012393242287391247,-8.560920420603045,0.0,-0.13038831585889576,-0.08180680609232206,1,AUTHOR_MISCONDUCT,active,active ~ arm | career_band=mid (5-10y),36530,2810,1200,23.073593073593177,mid (5-10y),,,,1.0
k+2:AUTHOR_MISCONDUCT,-0.10060975609756023,0.012780376360800245,-7.872206049122996,3.552713678800501e-15,-0.1256592937647287,-0.07556021843039175,2,AUTHOR_MISCONDUCT,active,active ~ arm | career_band=mid (5-10y),36530,2810,1200,23.073593073593177,mid (5-10y),,,,1.0
k+3:AUTHOR_MISCONDUCT,-0.1237804878048773,0.013953587362006017,-8.87087202692528,0.0,-0.15112951903440908,-0.0964314565753455,3,AUTHOR_MISCONDUCT,active,active ~ arm | career_band=mid (5-10y),36530,2810,1200,23.073593073593177,mid (5-10y),,,,1.0
k+4:AUTHOR_MISCONDUCT,-0.12804878048780405,0.015867495625284358,-8.069879678035791,6.661338147750939e-16,-0.1591490719133614,-0.0969484890622467,4,AUTHOR_MISCONDUCT,active,active ~ arm | career_band=mid (5-10y),36530,2810,1200,23.073593073593177,mid (5-10y),,,,1.0
k+5:AUTHOR_MISCONDUCT,-0.1280487804878042,0.013024980152999382,-9.831015401456655,0.0,-0.15357774158768298,-0.1025198193879254,5,AUTHOR_MISCONDUCT,active,active ~ arm | career_band=mid (5-10y),36530,2810,1200,23.073593073593177,mid (5-10y),,,,1.0
k+6:AUTHOR_MISCONDUCT,-0.129268292682926,0.014046501039909823,-9.202882078294133,0.0,-0.15679943472114927,-0.10173715064470275,6,AUTHOR_MISCONDUCT,active,active ~ arm | career_band=mid (5-10y),36530,2810,1200,23.073593073593177,mid (5-10y),,,,1.0
k-6:EDITORIAL_COMPROMISE,-0.1948051948051952,0.040114245001504754,-4.856259784968849,1.196237411571488e-06,-0.27342911500814454,-0.11618127460224588,-6,EDITORIAL_COMPROMISE,active,active ~ arm | career_band=mid (5-10y),36530,2810,1200,23.073593073593177,mid (5-10y),,,,1.0
k-5:EDITORIAL_COMPROMISE,-0.10173160173160208,0.026841520094083075,-3.790083474222748,0.00015059666744710043,-0.15434098111600492,-0.04912222234719925,-5,EDITORIAL_COMPROMISE,active,active ~ arm | career_band=mid (5-10y),36530,2810,1200,23.073593073593177,mid (5-10y),,,,1.0
k-4:EDITORIAL_COMPROMISE,-0.16666666666666702,0.025098142237972312,-6.640597741712857,3.1241231823742055e-11,-0.21585902545309274,-0.1174743078802413,-4,EDITORIAL_COMPROMISE,active,active ~ arm | career_band=mid (5-10y),36530,2810,1200,23.073593073593177,mid (5-10y),,,,1.0
k-3:EDITORIAL_COMPROMISE,-0.10822510822510849,0.028943965115602772,-3.739125161077802,0.0001846617747003343,-0.16495527985168992,-0.05149493659852705,-3,EDITORIAL_COMPROMISE,active,active ~ arm | career_band=mid (5-10y),36530,2810,1200,23.073593073593177,mid (5-10y),,,,1.0
k+0:EDITORIAL_COMPROMISE,0.08008658008657989,0.025740131705929335,3.1113508276312216,0.0018623354006295223,0.029635921942958388,0.13053723823020139,0,EDITORIAL_COMPROMISE,active,active ~ arm | career_band=mid (5-10y),36530,2810,1200,23.073593073593177,mid (5-10y),,,,1.0
k+1:EDITORIAL_COMPROMISE,-0.060606060606060864,0.026162853524730547,-2.3164927536964854,0.02053137963154894,-0.11188525351453274,-0.009326867697588996,1,EDITORIAL_COMPROMISE,active,active ~ arm | career_band=mid (5-10y),36530,2810,1200,23.073593073593177,mid (5-10y),,,,1.0
k+2:EDITORIAL_COMPROMISE,-0.06926406926406951,0.02995677109719044,-2.312134009348077,0.020770299491831068,-0.1279793406145628,-0.010548797913576255,2,EDITORIAL_COMPROMISE,active,active ~ arm | career_band=mid (5-10y),36530,2810,1200,23.073593073593177,mid (5-10y),,,,1.0
k+3:EDITORIAL_COMPROMISE,-0.06709956709956737,0.029309709709467467,-2.2893289549672073,0.022060246574983733,-0.1245465981301236,-0.009652536069011133,3,EDITORIAL_COMPROMISE,active,active ~ arm | career_band=mid (5-10y),36530,2810,1200,23.073593073593177,mid (5-10y),,,,1.0
k+4:EDITORIAL_COMPROMISE,-0.056277056277056536,0.025577219977467574,-2.2002804185378313,0.027787005696047418,-0.10640840743289298,-0.006145705121220091,4,EDITORIAL_COMPROMISE,active,active ~ arm | career_band=mid (5-10y),36530,2810,1200,23.073593073593177,mid (5-10y),,,,1.0
k+5:EDITORIAL_COMPROMISE,-0.08008658008658034,0.029347040208142983,-2.728949138262964,0.006353650266492705,-0.1376067788945406,-0.022566381278620096,5,EDITORIAL_COMPROMISE,active,active ~ arm | career_band=mid (5-10y),36530,2810,1200,23.073593073593177,mid (5-10y),,,,1.0
k+6:EDITORIAL_COMPROMISE,-0.08658008658008683,0.02355950235897499,-3.6749539638346453,0.000237892305709142,-0.13275671120367782,-0.04040346195649584,6,EDITORIAL_COMPROMISE,active,active ~ arm | career_band=mid (5-10y),36530,2810,1200,23.073593073593177,mid (5-10y),,,,1.0
k-6:HONEST_ERROR,-0.22033898305084754,0.022219203068675704,-9.916601525708097,0.0,-0.2638886210654519,-0.17678934503624316,-6,HONEST_ERROR,active,active ~ arm | career_band=mid (5-10y),36530,2810,1200,23.073593073593177,mid (5-10y),,,,1.0
k-5:HONEST_ERROR,-0.07627118644067794,0.021930071529919465,-3.4779269341014336,0.0005053076432635084,-0.11925412663932008,-0.033288246242035795,-5,HONEST_ERROR,active,active ~ arm | career_band=mid (5-10y),36530,2810,1200,23.073593073593177,mid (5-10y),,,,1.0
k-4:HONEST_ERROR,-0.12429378531073462,0.021336181652463548,-5.825493395927441,5.694411164824942e-09,-0.16611270134956319,-0.08247486927190606,-4,HONEST_ERROR,active,active ~ arm | career_band=mid (5-10y),36530,2810,1200,23.073593073593177,mid (5-10y),,,,1.0
k-3:HONEST_ERROR,-0.07768361581920916,0.018803449745681995,-4.1313491337964905,3.606403476852371e-05,-0.11453837732074587,-0.04082885431767245,-3,HONEST_ERROR,active,active ~ arm | career_band=mid (5-10y),36530,2810,1200,23.073593073593177,mid (5-10y),,,,1.0
k+0:HONEST_ERROR,0.1426553672316384,0.017714969981546112,8.052814505485708,8.881784197001252e-16,0.10793402606780803,0.1773767083954688,0,HONEST_ERROR,active,active ~ arm | career_band=mid (5-10y),36530,2810,1200,23.073593073593177,mid (5-10y),,,,1.0
k+1:HONEST_ERROR,-0.08474576271186449,0.017417275189401858,-4.865615418617889,1.1410119979959887e-06,-0.11888362208309212,-0.05060790334063685,1,HONEST_ERROR,active,active ~ arm | career_band=mid (5-10y),36530,2810,1200,23.073593073593177,mid (5-10y),,,,1.0
k+2:HONEST_ERROR,-0.074858757062147,0.017353961601910974,-4.313640814665842,1.6058777449146078e-05,-0.1088725218018925,-0.040844992322401484,2,HONEST_ERROR,active,active ~ arm | career_band=mid (5-10y),36530,2810,1200,23.073593073593177,mid (5-10y),,,,1.0
k+3:HONEST_ERROR,-0.09463276836158202,0.01858813164878716,-5.091031748086238,3.5612038673527024e-07,-0.13106550639320486,-0.058200030329959185,3,HONEST_ERROR,active,active ~ arm | career_band=mid (5-10y),36530,2810,1200,23.073593073593177,mid (5-10y),,,,1.0
k+4:HONEST_ERROR,-0.1257062146892656,0.018847418301791003,-6.6696781849066396,2.5636381906224415e-11,-0.16264715456077597,-0.08876527481775523,4,HONEST_ERROR,active,active ~ arm | career_band=mid (5-10y),36530,2810,1200,23.073593073593177,mid (5-10y),,,,1.0
k+5:HONEST_ERROR,-0.08615819209039553,0.01869974663407414,-4.607452377638131,4.076325227142519e-06,-0.12280969549318085,-0.04950668868761022,5,HONEST_ERROR,active,active ~ arm | career_band=mid (5-10y),36530,2810,1200,23.073593073593177,mid (5-10y),,,,1.0
k+6:HONEST_ERROR,-0.10593220338983064,0.01903326003657796,-5.565636322219684,2.6119749030328876e-08,-0.14323739306152344,-0.06862701371813784,6,HONEST_ERROR,active,active ~ arm | career_band=mid (5-10y),36530,2810,1200,23.073593073593177,mid (5-10y),,,,1.0
k-6:AUTHOR_MISCONDUCT,-0.07608341479309193,0.01178909036579679,-6.4537137669102655,1.0914202874801049e-10,-0.09919003191005364,-0.05297679767613021,-6,AUTHOR_MISCONDUCT,active,active ~ arm | career_band=senior (10-20y),72605,5585,1547,20.693464730290557,senior (10-20y),,,,1.0
k-5:AUTHOR_MISCONDUCT,-0.0698924731182792,0.01362952049616931,-5.128021425106119,2.9280312663360064e-07,-0.09660633329077105,-0.043178612945787356,-5,AUTHOR_MISCONDUCT,active,active ~ arm | career_band=senior (10-20y),72605,5585,1547,20.693464730290557,senior (10-20y),,,,1.0
k-4:AUTHOR_MISCONDUCT,-0.05620723362658824,0.009928633989343016,-5.661124550156522,1.5038422507274163e-08,-0.07566735624570056,-0.03674711100747593,-4,AUTHOR_MISCONDUCT,active,active ~ arm | career_band=senior (10-20y),72605,5585,1547,20.693464730290557,senior (10-20y),,,,1.0
k-3:AUTHOR_MISCONDUCT,-0.034050179211469356,0.007990622894785448,-4.261267195288362,2.0327102956851917e-05,-0.049711800085248836,-0.01838855833768988,-3,AUTHOR_MISCONDUCT,active,active ~ arm | career_band=senior (10-20y),72605,5585,1547,20.693464730290557,senior (10-20y),,,,1.0
k+0:AUTHOR_MISCONDUCT,0.08422939068100363,0.01324941440871371,6.357216106517787,2.0544277390399657e-10,0.058260538439924764,0.1101982429220825,0,AUTHOR_MISCONDUCT,active,active ~ arm | career_band=senior (10-20y),72605,5585,1547,20.693464730290557,senior (10-20y),,,,1.0
k+1:AUTHOR_MISCONDUCT,-0.044802867383512295,0.00798167876558621,-5.613213548092696,1.986032494016854e-08,-0.06044695776406127,-0.029158777002963324,1,AUTHOR_MISCONDUCT,active,active ~ arm | career_band=senior (10-20y),72605,5585,1547,20.693464730290557,senior (10-20y),,,,1.0
k+2:AUTHOR_MISCONDUCT,-0.05425219941348946,0.00742502007901469,-7.306673764670654,2.737809978725636e-13,-0.06880523876835826,-0.03969916005862067,2,AUTHOR_MISCONDUCT,active,active ~ arm | career_band=senior (10-20y),72605,5585,1547,20.693464730290557,senior (10-20y),,,,1.0
k+3:AUTHOR_MISCONDUCT,-0.07119582926034507,0.009372797066696147,-7.596006694023212,3.064215547965432e-14,-0.08956651151106951,-0.05282514700962062,3,AUTHOR_MISCONDUCT,active,active ~ arm | career_band=senior (10-20y),72605,5585,1547,20.693464730290557,senior (10-20y),,,,1.0
k+4:AUTHOR_MISCONDUCT,-0.06109481915933504,0.007745882417622651,-7.8873930516087185,3.1086244689504383e-15,-0.07627674869787543,-0.04591288962079464,4,AUTHOR_MISCONDUCT,active,active ~ arm | career_band=senior (10-20y),72605,5585,1547,20.693464730290557,senior (10-20y),,,,1.0
k+5:AUTHOR_MISCONDUCT,-0.07934180514825648,0.008208445328149969,-9.665874837000182,0.0,-0.09543035799143042,-0.06325325230508254,5,AUTHOR_MISCONDUCT,active,active ~ arm | career_band=senior (10-20y),72605,5585,1547,20.693464730290557,senior (10-20y),,,,1.0
k+6:AUTHOR_MISCONDUCT,-0.07575757575757554,0.009210059491353948,-8.225525125944502,2.220446049250313e-16,-0.09380929236062928,-0.057705859154521796,6,AUTHOR_MISCONDUCT,active,active ~ arm | career_band=senior (10-20y),72605,5585,1547,20.693464730290557,senior (10-20y),,,,1.0
k-6:EDITORIAL_COMPROMISE,-0.1296680497925313,0.01601055295998645,-8.098911394041012,4.440892098500626e-16,-0.16104873359410474,-0.09828736599095786,-6,EDITORIAL_COMPROMISE,active,active ~ arm | career_band=senior (10-20y),72605,5585,1547,20.693464730290557,senior (10-20y),,,,1.0
k-5:EDITORIAL_COMPROMISE,-0.11203319502074713,0.01482423194530907,-7.557436731566962,4.107825191113079e-14,-0.14108868963355292,-0.08297770040794135,-5,EDITORIAL_COMPROMISE,active,active ~ arm | career_band=senior (10-20y),72605,5585,1547,20.693464730290557,senior (10-20y),,,,1.0
k-4:EDITORIAL_COMPROMISE,-0.08091286307053967,0.02035334347013646,-3.9754089144743934,7.02584309388854e-05,-0.12080541627200714,-0.04102030986907221,-4,EDITORIAL_COMPROMISE,active,active ~ arm | career_band=senior (10-20y),72605,5585,1547,20.693464730290557,senior (10-20y),,,,1.0
k-3:EDITORIAL_COMPROMISE,-0.07261410788381764,0.012784845887162973,-5.6797014625517015,1.3493004047404611e-08,-0.09767240582265707,-0.04755580994497821,-3,EDITORIAL_COMPROMISE,active,active ~ arm | career_band=senior (10-20y),72605,5585,1547,20.693464730290557,senior (10-20y),,,,1.0
k+0:EDITORIAL_COMPROMISE,0.023858921161825565,0.022238537648269757,1.0728637619606198,0.2833322472396247,-0.019728612628783157,0.06744645495243429,0,EDITORIAL_COMPROMISE,active,active ~ arm | career_band=senior (10-20y),72605,5585,1547,20.693464730290557,senior (10-20y),,,,1.0
k+1:EDITORIAL_COMPROMISE,-0.05082987551867244,0.01847269267540983,-2.751622430569383,0.00593008486387836,-0.08703635316247571,-0.014623397874869173,1,EDITORIAL_COMPROMISE,active,active ~ arm | career_band=senior (10-20y),72605,5585,1547,20.693464730290557,senior (10-20y),,,,1.0
k+2:EDITORIAL_COMPROMISE,-0.048755186721991944,0.012848860508425342,-3.7945144388501895,0.00014793267346258077,-0.07393895331850561,-0.023571420125478276,2,EDITORIAL_COMPROMISE,active,active ~ arm | career_band=senior (10-20y),72605,5585,1547,20.693464730290557,senior (10-20y),,,,1.0
k+3:EDITORIAL_COMPROMISE,-0.052904564315352946,0.010427819743082326,-5.073406102023303,3.9075733493376674e-07,-0.0733430910117943,-0.03246603761891159,3,EDITORIAL_COMPROMISE,active,active ~ arm | career_band=senior (10-20y),72605,5585,1547,20.693464730290557,senior (10-20y),,,,1.0
k+4:EDITORIAL_COMPROMISE,-0.05082987551867243,0.010355856689864294,-4.908321642614244,9.185911504783206e-07,-0.07112735463080644,-0.03053239640653841,4,EDITORIAL_COMPROMISE,active,active ~ arm | career_band=senior (10-20y),72605,5585,1547,20.693464730290557,senior (10-20y),,,,1.0
k+5:EDITORIAL_COMPROMISE,-0.04564315352697118,0.009866307288789664,-4.626163790664825,3.7250075919370573e-06,-0.06498111581299892,-0.02630519124094344,5,EDITORIAL_COMPROMISE,active,active ~ arm | career_band=senior (10-20y),72605,5585,1547,20.693464730290557,senior (10-20y),,,,1.0
k+6:EDITORIAL_COMPROMISE,-0.06846473029045662,0.010509354810201647,-6.514646381906955,7.2861050526285e-11,-0.08906306571845185,-0.04786639486246139,6,EDITORIAL_COMPROMISE,active,active ~ arm | career_band=senior (10-20y),72605,5585,1547,20.693464730290557,senior (10-20y),,,,1.0
k-6:HONEST_ERROR,-0.11501288659793842,0.012873458483984117,-8.934109411315232,0.0,-0.14024486522654728,-0.08978090796932955,-6,HONEST_ERROR,active,active ~ arm | career_band=senior (10-20y),72605,5585,1547,20.693464730290557,senior (10-20y),,,,1.0
k-5:HONEST_ERROR,-0.09503865979381472,0.011924856501049177,-7.969794838659316,1.5543122344752192e-15,-0.11841137853587111,-0.07166594105175833,-5,HONEST_ERROR,active,active ~ arm | career_band=senior (10-20y),72605,5585,1547,20.693464730290557,senior (10-20y),,,,1.0
k-4:HONEST_ERROR,-0.0711984536082477,0.01097526480752921,-6.487174100747382,8.746114943392058e-11,-0.09270997263100494,-0.04968693458549045,-4,HONEST_ERROR,active,active ~ arm | career_band=senior (10-20y),72605,5585,1547,20.693464730290557,senior (10-20y),,,,1.0
k-3:HONEST_ERROR,-0.033827319587629176,0.010549763098161467,-3.2064530049517743,0.0013438225294040151,-0.05450485526002565,-0.0131497839152327,-3,HONEST_ERROR,active,active ~ arm | career_band=senior (10-20y),72605,5585,1547,20.693464730290557,senior (10-20y),,,,1.0
k+0:HONEST_ERROR,0.08537371134020597,0.010425611281814186,8.188844666511475,2.220446049250313e-16,0.06493951322785016,0.10580790945256177,0,HONEST_ERROR,active,active ~ arm | career_band=senior (10-20y),72605,5585,1547,20.693464730290557,senior (10-20y),,,,1.0
k+1:HONEST_ERROR,-0.03576030927835078,0.009795452160528571,-3.6507053163354044,0.00026152115642230633,-0.05495939551298677,-0.016561223043714778,1,HONEST_ERROR,active,active ~ arm | career_band=senior (10-20y),72605,5585,1547,20.693464730290557,senior (10-20y),,,,1.0
k+2:HONEST_ERROR,-0.04349226804123743,0.009488339648550857,-4.583759609393826,4.566892477075868e-06,-0.06208941375239711,-0.024895122330077752,2,HONEST_ERROR,active,active ~ arm | career_band=senior (10-20y),72605,5585,1547,20.693464730290557,senior (10-20y),,,,1.0
k+3:HONEST_ERROR,-0.06346649484536115,0.010805858203014471,-5.873341446184823,4.270975129117005e-09,-0.08464597692326951,-0.042287012767452795,3,HONEST_ERROR,active,active ~ arm | career_band=senior (10-20y),72605,5585,1547,20.693464730290557,senior (10-20y),,,,1.0
k+4:HONEST_ERROR,-0.06668814432989723,0.010639844341536428,-6.267774432522125,3.6624481225544514e-10,-0.08754223923930862,-0.04583404942048583,4,HONEST_ERROR,active,active ~ arm | career_band=senior (10-20y),72605,5585,1547,20.693464730290557,senior (10-20y),,,,1.0
k+5:HONEST_ERROR,-0.06475515463917557,0.010608107721658173,-6.10430779345947,1.0324714416753977e-09,-0.08554704577362558,-0.043963263504725555,5,HONEST_ERROR,active,active ~ arm | career_band=senior (10-20y),72605,5585,1547,20.693464730290557,senior (10-20y),,,,1.0
k+6:HONEST_ERROR,-0.07893041237113431,0.010915433209093892,-7.231083811256855,4.791722574282176e-13,-0.10032466146095834,-0.05753616328131028,6,HONEST_ERROR,active,active ~ arm | career_band=senior (10-20y),72605,5585,1547,20.693464730290557,senior (10-20y),,,,1.0
k-6:AUTHOR_MISCONDUCT,-0.03678852383155963,0.00819590081834744,-4.488649221962815,7.167620831527444e-06,-0.05285248943552061,-0.02072455822759865,-6,AUTHOR_MISCONDUCT,active,active ~ arm | career_band=veteran (20y+),101725,7825,1780,24.3229437229438,veteran (20y+),,,,1.0
k-5:AUTHOR_MISCONDUCT,-0.02267468764460924,0.008551711382235018,-2.6514795262750246,0.008013997154369346,-0.03943604195378987,-0.005913333335428605,-5,AUTHOR_MISCONDUCT,active,active ~ arm | career_band=veteran (20y+),101725,7825,1780,24.3229437229438,veteran (20y+),,,,1.0
k-4:AUTHOR_MISCONDUCT,-0.01272559000462766,0.005787196712411444,-2.1989212803732543,0.027883520178050514,-0.02406849556095409,-0.0013826844483012298,-4,AUTHOR_MISCONDUCT,active,active ~ arm | career_band=veteran (20y+),101725,7825,1780,24.3229437229438,veteran (20y+),,,,0.0
k-3:AUTHOR_MISCONDUCT,0.001388246182322781,0.005321835391949644,0.2608585347120629,0.7942016024645429,-0.009042551185898522,0.011819043550544084,-3,AUTHOR_MISCONDUCT,active,active ~ arm | career_band=veteran (20y+),101725,7825,1780,24.3229437229438,veteran (20y+),,,,0.0
k+0:AUTHOR_MISCONDUCT,0.05113373438223014,0.009528716029618503,5.366277494605677,8.037824872353383e-08,0.032457450964177875,0.0698100178002824,0,AUTHOR_MISCONDUCT,active,active ~ arm | career_band=veteran (20y+),101725,7825,1780,24.3229437229438,veteran (20y+),,,,1.0
k+1:AUTHOR_MISCONDUCT,-0.03216103655714965,0.005220495173974082,-6.1605337205334845,7.250018363436084e-10,-0.042393207098138846,-0.02192886601616045,1,AUTHOR_MISCONDUCT,active,active ~ arm | career_band=veteran (20y+),101725,7825,1780,24.3229437229438,veteran (20y+),,,,1.0
k+2:AUTHOR_MISCONDUCT,-0.04164738546969013,0.005001929549795487,-8.326263905774713,0.0,-0.05145116738728928,-0.031843603552090975,2,AUTHOR_MISCONDUCT,active,active ~ arm | career_band=veteran (20y+),101725,7825,1780,24.3229437229438,veteran (20y+),,,,1.0
k+3:AUTHOR_MISCONDUCT,-0.05576122165664059,0.005266294648514792,-10.588321652751892,0.0,-0.06608315916772958,-0.045439284145551595,3,AUTHOR_MISCONDUCT,active,active ~ arm | career_band=veteran (20y+),101725,7825,1780,24.3229437229438,veteran (20y+),,,,1.0
k+4:AUTHOR_MISCONDUCT,-0.06085145765849166,0.005685260530584713,-10.70337187383623,0.0,-0.0719945682984377,-0.04970834701854562,4,AUTHOR_MISCONDUCT,active,active ~ arm | career_band=veteran (20y+),101725,7825,1780,24.3229437229438,veteran (20y+),,,,1.0
k+5:AUTHOR_MISCONDUCT,-0.08051827857473415,0.006122712173477545,-13.150753504880472,0.0,-0.09251879443475014,-0.06851776271471816,5,AUTHOR_MISCONDUCT,active,active ~ arm | career_band=veteran (20y+),101725,7825,1780,24.3229437229438,veteran (20y+),,,,1.0
k+6:AUTHOR_MISCONDUCT,-0.08815363257751063,0.005679243800568975,-15.522072246428117,0.0,-0.09928495042662583,-0.07702231472839544,6,AUTHOR_MISCONDUCT,active,active ~ arm | career_band=veteran (20y+),101725,7825,1780,24.3229437229438,veteran (20y+),,,,1.0
k-6:EDITORIAL_COMPROMISE,-0.08874458874458878,0.01064240718174924,-8.338770282796327,0.0,-0.10960370682081728,-0.06788547066836027,-6,EDITORIAL_COMPROMISE,active,active ~ arm | career_band=veteran (20y+),101725,7825,1780,24.3229437229438,veteran (20y+),,,,1.0
k-5:EDITORIAL_COMPROMISE,-0.07229437229437229,0.011600261893139716,-6.232132770823604,4.601272696191927e-10,-0.09503088560492613,-0.04955785898381844,-5,EDITORIAL_COMPROMISE,active,active ~ arm | career_band=veteran (20y+),101725,7825,1780,24.3229437229438,veteran (20y+),,,,1.0
k-4:EDITORIAL_COMPROMISE,-0.06883116883116887,0.012933113949930408,-5.322087866668742,1.0258299854015718e-07,-0.09418007217303247,-0.04348226548930527,-4,EDITORIAL_COMPROMISE,active,active ~ arm | career_band=veteran (20y+),101725,7825,1780,24.3229437229438,veteran (20y+),,,,1.0
k-3:EDITORIAL_COMPROMISE,-0.035930735930735924,0.012811582093814118,-2.8045510435502377,0.005038670879260021,-0.06104143683461159,-0.010820035026860252,-3,EDITORIAL_COMPROMISE,active,active ~ arm | career_band=veteran (20y+),101725,7825,1780,24.3229437229438,veteran (20y+),,,,1.0
k+0:EDITORIAL_COMPROMISE,0.032467532467532485,0.009265490167935818,3.5041354401184,0.00045809230901072695,0.014307171738378283,0.05062789319668669,0,EDITORIAL_COMPROMISE,active,active ~ arm | career_band=veteran (20y+),101725,7825,1780,24.3229437229438,veteran (20y+),,,,1.0
k+1:EDITORIAL_COMPROMISE,-0.022943722943722968,0.00910481611661666,-2.519954565787412,0.011736998303195634,-0.04078916253229162,-0.005098283355154314,1,EDITORIAL_COMPROMISE,active,active ~ arm | career_band=veteran (20y+),101725,7825,1780,24.3229437229438,veteran (20y+),,,,1.0
k+2:EDITORIAL_COMPROMISE,-0.05064935064935066,0.012800034429174479,-3.9569698761050303,7.590649874300581e-05,-0.07573741813053264,-0.02556128316816868,2,EDITORIAL_COMPROMISE,active,active ~ arm | career_band=veteran (20y+),101725,7825,1780,24.3229437229438,veteran (20y+),,,,1.0
k+3:EDITORIAL_COMPROMISE,-0.049783549783549805,0.01205420069577769,-4.129975187901745,3.6280238754127225e-05,-0.07340978314727407,-0.026157316419825532,3,EDITORIAL_COMPROMISE,active,active ~ arm | career_band=veteran (20y+),101725,7825,1780,24.3229437229438,veteran (20y+),,,,1.0
k+4:EDITORIAL_COMPROMISE,-0.057575757575757586,0.01450162206941542,-3.970297757047984,7.17828662979425e-05,-0.08599893683181181,-0.029152578319703363,4,EDITORIAL_COMPROMISE,active,active ~ arm | career_band=veteran (20y+),101725,7825,1780,24.3229437229438,veteran (20y+),,,,1.0
k+5:EDITORIAL_COMPROMISE,-0.08008658008658012,0.01244524888798915,-6.435112773346887,1.2338174926185275e-10,-0.10447926790703885,-0.05569389226612139,5,EDITORIAL_COMPROMISE,active,active ~ arm | career_band=veteran (20y+),101725,7825,1780,24.3229437229438,veteran (20y+),,,,1.0
k+6:EDITORIAL_COMPROMISE,-0.08268398268398268,0.01380388795957123,-5.989905374931119,2.0996315797106035e-09,-0.10973960308474229,-0.05562836228322307,6,EDITORIAL_COMPROMISE,active,active ~ arm | career_band=veteran (20y+),101725,7825,1780,24.3229437229438,veteran (20y+),,,,1.0
k-6:HONEST_ERROR,-0.05004258943781907,0.008481982262096484,-5.899869616733918,3.637889323115928e-09,-0.06666727467152818,-0.03341790420410996,-6,HONEST_ERROR,active,active ~ arm | career_band=veteran (20y+),101725,7825,1780,24.3229437229438,veteran (20y+),,,,1.0
k-5:HONEST_ERROR,-0.04237649063032338,0.008010267517885297,-5.290271584027038,1.2213486599854662e-07,-0.05807661496537856,-0.0266763662952682,-5,HONEST_ERROR,active,active ~ arm | career_band=veteran (20y+),101725,7825,1780,24.3229437229438,veteran (20y+),,,,1.0
k-4:HONEST_ERROR,-0.034710391822827626,0.007098160470308299,-4.890054538499328,1.0080804329071213e-06,-0.048622786344631894,-0.020797997301023358,-4,HONEST_ERROR,active,active ~ arm | career_band=veteran (20y+),101725,7825,1780,24.3229437229438,veteran (20y+),,,,1.0
k-3:HONEST_ERROR,-0.02108177172061293,0.007318494967525649,-2.8806157296218764,0.003968992115843228,-0.035426021856963204,-0.006737521584262657,-3,HONEST_ERROR,active,active ~ arm | career_band=veteran (20y+),101725,7825,1780,24.3229437229438,veteran (20y+),,,,1.0
k+0:HONEST_ERROR,0.03215502555366305,0.006453106201390785,4.982875618370102,6.264622252061258e-07,0.01950693739893711,0.04480311370838899,0,HONEST_ERROR,active,active ~ arm | career_band=veteran (20y+),101725,7825,1780,24.3229437229438,veteran (20y+),,,,1.0
k+1:HONEST_ERROR,-0.02704429301533186,0.006802220898957164,-3.9758034055433233,7.01420535393904e-05,-0.040376645977287906,-0.01371194005337582,1,HONEST_ERROR,active,active ~ arm | career_band=veteran (20y+),101725,7825,1780,24.3229437229438,veteran (20y+),,,,1.0
k+2:HONEST_ERROR,-0.0440800681431002,0.00637749409984373,-6.911816373798027,4.7848391915295e-12,-0.05657995657879391,-0.03158017970740649,2,HONEST_ERROR,active,active ~ arm | career_band=veteran (20y+),101725,7825,1780,24.3229437229438,veteran (20y+),,,,1.0
k+3:HONEST_ERROR,-0.058134582623509,0.007019177962847193,-8.282249421686958,0.0,-0.0718921714306895,-0.0443769938163285,3,HONEST_ERROR,active,active ~ arm | career_band=veteran (20y+),101725,7825,1780,24.3229437229438,veteran (20y+),,,,1.0
k+4:HONEST_ERROR,-0.06793015332197584,0.007066505810974314,-9.612976361878882,0.0,-0.0817805047114855,-0.054079801932466184,4,HONEST_ERROR,active,active ~ arm | career_band=veteran (20y+),101725,7825,1780,24.3229437229438,veteran (20y+),,,,1.0
k+5:HONEST_ERROR,-0.07900340715502521,0.007398210684269742,-10.67871820993206,0.0,-0.0935039000961939,-0.06450291421385652,5,HONEST_ERROR,active,active ~ arm | career_band=veteran (20y+),101725,7825,1780,24.3229437229438,veteran (20y+),,,,1.0
k+6:HONEST_ERROR,-0.09178023850085142,0.007981821205482968,-11.498658782008878,0.0,-0.10742460806359803,-0.0761358689381048,6,HONEST_ERROR,active,active ~ arm | career_band=veteran (20y+),101725,7825,1780,24.3229437229438,veteran (20y+),,,,1.0
k-6:AUTHOR_MISCONDUCT,-0.1482164821648213,0.019366178339103448,-7.653367616962829,1.9539925233402755e-14,-0.18617419170946406,-0.11025877262017855,-6,AUTHOR_MISCONDUCT,active,active ~ arm | subject_group=B/T,18031,1387,375,26.96173469387764,,B/T,,,1.0
k-5:AUTHOR_MISCONDUCT,-0.12238622386223828,0.017274102261883757,-7.084954228405265,1.3908874052503961e-12,-0.15624346429553043,-0.08852898342894612,-5,AUTHOR_MISCONDUCT,active,active ~ arm | subject_group=B/T,18031,1387,375,26.96173469387764,,B/T,,,1.0
k-4:AUTHOR_MISCONDUCT,-0.09040590405904031,0.016499269088371925,-5.479388424712404,4.2679848544224797e-08,-0.12274447147224929,-0.05806733664583134,-4,AUTHOR_MISCONDUCT,active,active ~ arm | subject_group=B/T,18031,1387,375,26.96173469387764,,B/T,,,1.0
k-3:AUTHOR_MISCONDUCT,-0.012915129151291276,0.014989004324346243,-0.861640231186909,0.38888552501973206,-0.042293577627009915,0.01646331932442736,-3,AUTHOR_MISCONDUCT,active,active ~ arm | subject_group=B/T,18031,1387,375,26.96173469387764,,B/T,,,0.0
k+0:AUTHOR_MISCONDUCT,0.08794587945879465,0.015908099063360437,5.528371372878344,3.232172751665985e-08,0.05676600529460819,0.1191257536229811,0,AUTHOR_MISCONDUCT,active,active ~ arm | subject_group=B/T,18031,1387,375,26.96173469387764,,B/T,,,1.0
k+1:AUTHOR_MISCONDUCT,-0.04612546125461231,0.016337675420186566,-2.823257291402695,0.0047538404452864835,-0.07814730507817798,-0.014103617431046642,1,AUTHOR_MISCONDUCT,active,active ~ arm | subject_group=B/T,18031,1387,375,26.96173469387764,,B/T,,,1.0
k+2:AUTHOR_MISCONDUCT,-0.055965559655596325,0.01557679431112967,-3.592880443674393,0.0003270426639718771,-0.08649607650541048,-0.02543504280578217,2,AUTHOR_MISCONDUCT,active,active ~ arm | subject_group=B/T,18031,1387,375,26.96173469387764,,B/T,,,1.0
k+3:AUTHOR_MISCONDUCT,-0.09040590405904034,0.01654847722416027,-5.463095053063281,4.6790389118811504e-08,-0.12284091941839446,-0.05797088869968621,3,AUTHOR_MISCONDUCT,active,active ~ arm | subject_group=B/T,18031,1387,375,26.96173469387764,,B/T,,,1.0
k+4:AUTHOR_MISCONDUCT,-0.0940959409594093,0.016010720106584775,-5.87705864152295,4.176202939021323e-09,-0.12547695236831546,-0.06271492955050315,4,AUTHOR_MISCONDUCT,active,active ~ arm | subject_group=B/T,18031,1387,375,26.96173469387764,,B/T,,,1.0
k+5:AUTHOR_MISCONDUCT,-0.08917589175891735,0.01728745454386201,-5.158416557663757,2.4904705275829997e-07,-0.1230593026648869,-0.05529248085294781,5,AUTHOR_MISCONDUCT,active,active ~ arm | subject_group=B/T,18031,1387,375,26.96173469387764,,B/T,,,1.0
k+6:AUTHOR_MISCONDUCT,-0.11008610086100835,0.016917396930895955,-6.507271852205582,7.652789513201697e-11,-0.14324419884556444,-0.07692800287645228,6,AUTHOR_MISCONDUCT,active,active ~ arm | subject_group=B/T,18031,1387,375,26.96173469387764,,B/T,,,1.0
k-6:EDITORIAL_COMPROMISE,-0.19973544973544968,0.0261790603734013,-7.629588185616731,2.353672812205332e-14,-0.2510464080673162,-0.14842449140358313,-6,EDITORIAL_COMPROMISE,active,active ~ arm | subject_group=B/T,18031,1387,375,26.96173469387764,,B/T,,,1.0
k-5:EDITORIAL_COMPROMISE,-0.15476190476190488,0.025864990361357646,-5.983451089667503,2.1845867337333402e-09,-0.20545728587016587,-0.10406652365364388,-5,EDITORIAL_COMPROMISE,active,active ~ arm | subject_group=B/T,18031,1387,375,26.96173469387764,,B/T,,,1.0
k-4:EDITORIAL_COMPROMISE,-0.14682539682539678,0.037465868463361425,-3.918910807285305,8.89500207377214e-05,-0.22025849901358519,-0.07339229463720838,-4,EDITORIAL_COMPROMISE,active,active ~ arm | subject_group=B/T,18031,1387,375,26.96173469387764,,B/T,,,1.0
k-3:EDITORIAL_COMPROMISE,-0.09391534391534388,0.023831147310711783,-3.9408654015214024,8.118817503222076e-05,-0.14062439264433899,-0.047206295186348786,-3,EDITORIAL_COMPROMISE,active,active ~ arm | subject_group=B/T,18031,1387,375,26.96173469387764,,B/T,,,1.0
k+0:EDITORIAL_COMPROMISE,0.06481481481481485,0.062452034242580334,1.0378335245743453,0.2993475661552214,-0.057591172300642604,0.1872208019302723,0,EDITORIAL_COMPROMISE,active,active ~ arm | subject_group=B/T,18031,1387,375,26.96173469387764,,B/T,,,1.0
k+1:EDITORIAL_COMPROMISE,-0.006613756613756579,0.0586280590545255,-0.11280872538532491,0.9101822006472455,-0.12152475236062654,0.1082972391331134,1,EDITORIAL_COMPROMISE,active,active ~ arm | subject_group=B/T,18031,1387,375,26.96173469387764,,B/T,,,0.0
k+2:EDITORIAL_COMPROMISE,-0.04365079365079361,0.05753016344452346,-0.7587462130693617,0.44800438648940366,-0.15640991400205959,0.06910832670047237,2,EDITORIAL_COMPROMISE,active,active ~ arm | subject_group=B/T,18031,1387,375,26.96173469387764,,B/T,,,1.0
k+3:EDITORIAL_COMPROMISE,-0.01984126984126982,0.05129399415206127,-0.38681467819507853,0.6988934098853328,-0.12037749837930992,0.08069495869677026,3,EDITORIAL_COMPROMISE,active,active ~ arm | subject_group=B/T,18031,1387,375,26.96173469387764,,B/T,,,0.0
k+4:EDITORIAL_COMPROMISE,-0.041005291005291045,0.04325690942681447,-0.9479477740929945,0.3431560422029296,-0.12578883348184738,0.04377825147126531,4,EDITORIAL_COMPROMISE,active,active ~ arm | subject_group=B/T,18031,1387,375,26.96173469387764,,B/T,,,1.0
k+5:EDITORIAL_COMPROMISE,-0.0013227513227512464,0.05035825220117325,-0.02626682350823186,0.9790445167811832,-0.10002492563705082,0.09737942299154834,5,EDITORIAL_COMPROMISE,active,active ~ arm | subject_group=B/T,18031,1387,375,26.96173469387764,,B/T,,,0.0
k+6:EDITORIAL_COMPROMISE,-0.033068783068783,0.04447851050049512,-0.7434777535640472,0.45719248529496315,-0.12024666364975344,0.05410909751218744,6,EDITORIAL_COMPROMISE,active,active ~ arm | subject_group=B/T,18031,1387,375,26.96173469387764,,B/T,,,1.0
k-6:HONEST_ERROR,-0.17091836734693874,0.03532379503850258,-4.838618476883343,1.3074474951579873e-06,-0.2401530056224038,-0.10168372907147369,-6,HONEST_ERROR,active,active ~ arm | subject_group=B/T,18031,1387,375,26.96173469387764,,B/T,,,1.0
k-5:HONEST_ERROR,-0.09438775510204067,0.03261466423595438,-2.8940281101526004,0.003803341112959213,-0.15831249700451128,-0.03046301319957008,-5,HONEST_ERROR,active,active ~ arm | subject_group=B/T,18031,1387,375,26.96173469387764,,B/T,,,1.0
k-4:HONEST_ERROR,-0.08418367346938761,0.03143399980784853,-2.6781088625052547,0.007403915013073359,-0.14579431309277074,-0.022573033846004495,-4,HONEST_ERROR,active,active ~ arm | subject_group=B/T,18031,1387,375,26.96173469387764,,B/T,,,1.0
k-3:HONEST_ERROR,-0.06887755102040795,0.026676493342082996,-2.5819567113699864,0.009824190682046208,-0.12116347797089062,-0.016591624069925273,-3,HONEST_ERROR,active,active ~ arm | subject_group=B/T,18031,1387,375,26.96173469387764,,B/T,,,1.0
k+0:HONEST_ERROR,0.12500000000000014,0.021993551535578564,5.683484079312517,1.319780151831651e-08,0.08189263899026615,0.1681073610097341,0,HONEST_ERROR,active,active ~ arm | subject_group=B/T,18031,1387,375,26.96173469387764,,B/T,,,1.0
k+1:HONEST_ERROR,-0.05867346938775493,0.033600701811271914,-1.746197734717313,0.08077659832450657,-0.12453084493784788,0.007183906162338022,1,HONEST_ERROR,active,active ~ arm | subject_group=B/T,18031,1387,375,26.96173469387764,,B/T,,,1.0
k+2:HONEST_ERROR,-0.03316326530612228,0.027086616101729095,-1.2243413936082357,0.220823467842151,-0.08625303286551131,0.019926502253266747,2,HONEST_ERROR,active,active ~ arm | subject_group=B/T,18031,1387,375,26.96173469387764,,B/T,,,1.0
k+3:HONEST_ERROR,-0.02295918367346915,0.030601169665129203,-0.7502714414093692,0.4530912390575721,-0.08293747621712239,0.037019108870184086,3,HONEST_ERROR,active,active ~ arm | subject_group=B/T,18031,1387,375,26.96173469387764,,B/T,,,1.0
k+4:HONEST_ERROR,-0.06887755102040793,0.028363413320118058,-2.4283942924300073,0.015165845412667522,-0.12446984112783932,-0.013285260912976542,4,HONEST_ERROR,active,active ~ arm | subject_group=B/T,18031,1387,375,26.96173469387764,,B/T,,,1.0
k+5:HONEST_ERROR,-0.06887755102040796,0.03266321027779867,-2.108719578835285,0.03496879382921669,-0.13289744316489335,-0.004857658875922571,5,HONEST_ERROR,active,active ~ arm | subject_group=B/T,18031,1387,375,26.96173469387764,,B/T,,,1.0
k+6:HONEST_ERROR,-0.0739795918367345,0.030481140232826498,-2.4270611686980983,0.015221689194415688,-0.13372262669307444,-0.014236556980394562,6,HONEST_ERROR,active,active ~ arm | subject_group=B/T,18031,1387,375,26.96173469387764,,B/T,,,1.0
k-6:AUTHOR_MISCONDUCT,-0.07896952348880326,0.012786482458668503,-6.176016253419755,6.573923627684053e-10,-0.10403102910779352,-0.053908017869813,-6,AUTHOR_MISCONDUCT,active,active ~ arm | subject_group=BLS,135603,10431,893,27.26235875706217,,BLS,,,1.0
k-5:AUTHOR_MISCONDUCT,-0.056743559521805556,0.015956914425708034,-3.5560483692502944,0.00037647479465974243,-0.0880191117961933,-0.02546800724741781,-5,AUTHOR_MISCONDUCT,active,active ~ arm | subject_group=BLS,135603,10431,893,27.26235875706217,,BLS,,,1.0
k-4:AUTHOR_MISCONDUCT,-0.028961104563058226,0.010136032813803509,-2.857242581497788,0.004273391044047781,-0.048827728878113104,-0.009094480248003349,-4,AUTHOR_MISCONDUCT,active,active ~ arm | subject_group=BLS,135603,10431,893,27.26235875706217,,BLS,,,1.0
k-3:AUTHOR_MISCONDUCT,-0.007745411685469463,0.006853563437567146,-1.130129130054263,0.2584218167763306,-0.02117839602310107,0.005687572652162142,-3,AUTHOR_MISCONDUCT,active,active ~ arm | subject_group=BLS,135603,10431,893,27.26235875706217,,BLS,,,0.0
k+0:AUTHOR_MISCONDUCT,0.08233709378683192,0.013961221491651972,5.897556588158485,3.6892378041386564e-09,0.05497309966319405,0.10970108791046979,0,AUTHOR_MISCONDUCT,active,active ~ arm | subject_group=BLS,135603,10431,893,27.26235875706217,,BLS,,,1.0
k+1:AUTHOR_MISCONDUCT,-0.052870853679070844,0.0065979852016962255,-8.013181609664521,1.1102230246251565e-15,-0.06580290467439545,-0.03993880268374624,1,AUTHOR_MISCONDUCT,active,active ~ arm | subject_group=BLS,135603,10431,893,27.26235875706217,,BLS,,,1.0
k+2:AUTHOR_MISCONDUCT,-0.06280518605825938,0.005739971242397873,-10.94172486341979,0.0,-0.07405552969335921,-0.05155484242315955,2,AUTHOR_MISCONDUCT,active,active ~ arm | subject_group=BLS,135603,10431,893,27.26235875706217,,BLS,,,1.0
k+3:AUTHOR_MISCONDUCT,-0.0794746590335077,0.006497981962933699,-12.23066784223984,0.0,-0.09221070368085775,-0.06673861438615765,3,AUTHOR_MISCONDUCT,active,active ~ arm | subject_group=BLS,135603,10431,893,27.26235875706217,,BLS,,,1.0
k+4:AUTHOR_MISCONDUCT,-0.07526519616097024,0.007254958513010351,-10.374311035135047,0.0,-0.08948491484647053,-0.061045477475469956,4,AUTHOR_MISCONDUCT,active,active ~ arm | subject_group=BLS,135603,10431,893,27.26235875706217,,BLS,,,1.0
k+5:AUTHOR_MISCONDUCT,-0.0914295335915141,0.005735534174810392,-15.940892479214739,0.0,-0.10267118057414246,-0.08018788660888573,5,AUTHOR_MISCONDUCT,active,active ~ arm | subject_group=BLS,135603,10431,893,27.26235875706217,,BLS,,,1.0
k+6:AUTHOR_MISCONDUCT,-0.09378683280013511,0.00636958837798865,-14.724159119015246,0.0,-0.10627122602099287,-0.08130243957927735,6,AUTHOR_MISCONDUCT,active,active ~ arm | subject_group=BLS,135603,10431,893,27.26235875706217,,BLS,,,1.0
k-6:EDITORIAL_COMPROMISE,-0.17266949152542424,0.022436033905319834,-7.696079095534009,1.3988810110276972e-14,-0.21664411797985111,-0.12869486507099737,-6,EDITORIAL_COMPROMISE,active,active ~ arm | subject_group=BLS,135603,10431,893,27.26235875706217,,BLS,,,1.0
k-5:EDITORIAL_COMPROMISE,-0.13877118644067835,0.015107728844063932,-9.185443283568315,0.0,-0.16838233497504365,-0.10916003790631304,-5,EDITORIAL_COMPROMISE,active,active ~ arm | subject_group=BLS,135603,10431,893,27.26235875706217,,BLS,,,1.0
k-4:EDITORIAL_COMPROMISE,-0.09145480225988753,0.019726722951636144,-4.636086920473643,3.5506670641449745e-06,-0.13011917924509436,-0.05279042527468069,-4,EDITORIAL_COMPROMISE,active,active ~ arm | subject_group=BLS,135603,10431,893,27.26235875706217,,BLS,,,1.0
k-3:EDITORIAL_COMPROMISE,-0.04131355932203443,0.018762029856123665,-2.201977058924158,0.02766692901137091,-0.07808713784003682,-0.004539980804032041,-3,EDITORIAL_COMPROMISE,active,active ~ arm | subject_group=BLS,135603,10431,893,27.26235875706217,,BLS,,,1.0
k+0:EDITORIAL_COMPROMISE,0.030720338983050377,0.018233072389574827,1.6848690295671414,0.0920138430213302,-0.005016482900516282,0.06645716086661704,0,EDITORIAL_COMPROMISE,active,active ~ arm | subject_group=BLS,135603,10431,893,27.26235875706217,,BLS,,,1.0
k+1:EDITORIAL_COMPROMISE,-0.05614406779661069,0.014026791401466175,-4.002630836211205,6.26420058176258e-05,-0.08363657894348439,-0.02865155664973699,1,EDITORIAL_COMPROMISE,active,active ~ arm | subject_group=BLS,135603,10431,893,27.26235875706217,,BLS,,,1.0
k+2:EDITORIAL_COMPROMISE,-0.049788135593220866,0.010044240687431892,-4.95688396391372,7.163272788268671e-07,-0.06947484734058737,-0.030101423845854357,2,EDITORIAL_COMPROMISE,active,active ~ arm | subject_group=BLS,135603,10431,893,27.26235875706217,,BLS,,,1.0
k+3:EDITORIAL_COMPROMISE,-0.055437853107345184,0.011129608978228865,-4.981114180721865,6.321922279006742e-07,-0.07725188670467376,-0.03362381951001661,3,EDITORIAL_COMPROMISE,active,active ~ arm | subject_group=BLS,135603,10431,893,27.26235875706217,,BLS,,,1.0
k+4:EDITORIAL_COMPROMISE,-0.0519067796610175,0.012817406950811305,-4.049709887516051,5.1281166628891484e-05,-0.07702889728460766,-0.02678466203742734,4,EDITORIAL_COMPROMISE,active,active ~ arm | subject_group=BLS,135603,10431,893,27.26235875706217,,BLS,,,1.0
k+5:EDITORIAL_COMPROMISE,-0.07591807909604573,0.012878936793174842,-5.8947473937660995,3.7525498264301405e-09,-0.10116079521066842,-0.050675362981423035,5,EDITORIAL_COMPROMISE,active,active ~ arm | subject_group=BLS,135603,10431,893,27.26235875706217,,BLS,,,1.0
k+6:EDITORIAL_COMPROMISE,-0.08792372881355984,0.012772884501755937,-6.883623570030139,5.834888128219973e-12,-0.11295858243700148,-0.0628888751901182,6,EDITORIAL_COMPROMISE,active,active ~ arm | subject_group=BLS,135603,10431,893,27.26235875706217,,BLS,,,1.0
k-6:HONEST_ERROR,-0.11150845253576044,0.01108384422160313,-10.060449272502698,0.0,-0.13323278721010257,-0.08978411786141831,-6,HONEST_ERROR,active,active ~ arm | subject_group=BLS,135603,10431,893,27.26235875706217,,BLS,,,1.0
k-5:HONEST_ERROR,-0.08842652795838726,0.010478870415881343,-8.438555345084874,0.0,-0.10896511397351469,-0.06788794194325984,-5,HONEST_ERROR,active,active ~ arm | subject_group=BLS,135603,10431,893,27.26235875706217,,BLS,,,1.0
k-4:HONEST_ERROR,-0.06404421326397886,0.009487021877898051,-6.750718411768702,1.4711343254703024e-11,-0.08263877614465903,-0.04544965038329868,-4,HONEST_ERROR,active,active ~ arm | subject_group=BLS,135603,10431,893,27.26235875706217,,BLS,,,1.0
k-3:HONEST_ERROR,-0.018530559167750024,0.009611812924349884,-1.9278942810888486,0.05386827723545373,-0.03736971249947579,0.0003085941639757485,-3,HONEST_ERROR,active,active ~ arm | subject_group=BLS,135603,10431,893,27.26235875706217,,BLS,,,0.0
k+0:HONEST_ERROR,0.07542262678803674,0.009339799499067993,8.075401061399987,6.661338147750939e-16,0.05711661976986347,0.09372863380621001,0,HONEST_ERROR,active,active ~ arm | subject_group=BLS,135603,10431,893,27.26235875706217,,BLS,,,1.0
k+1:HONEST_ERROR,-0.0432379713914171,0.00815728746830666,-5.3005329969562425,1.1546509393056681e-07,-0.05922625482929815,-0.027249687953536047,1,HONEST_ERROR,active,active ~ arm | subject_group=BLS,135603,10431,893,27.26235875706217,,BLS,,,1.0
k+2:HONEST_ERROR,-0.061768530559167444,0.007312399192185553,-8.44709498698824,0.0,-0.07610083297585113,-0.04743622814248376,2,HONEST_ERROR,active,active ~ arm | subject_group=BLS,135603,10431,893,27.26235875706217,,BLS,,,1.0
k+3:HONEST_ERROR,-0.06892067620286049,0.007420387343737705,-9.288015976824282,0.0,-0.0834646353965864,-0.054376717009134594,3,HONEST_ERROR,active,active ~ arm | subject_group=BLS,135603,10431,893,27.26235875706217,,BLS,,,1.0
k+4:HONEST_ERROR,-0.09102730819245741,0.008464927185041297,-10.753466179049397,0.0,-0.10761856547513836,-0.07443605090977647,4,HONEST_ERROR,active,active ~ arm | subject_group=BLS,135603,10431,893,27.26235875706217,,BLS,,,1.0
k+5:HONEST_ERROR,-0.0825747724317292,0.007950390701946601,-10.38625339651689,0.0,-0.09815753820754454,-0.06699200665591386,5,HONEST_ERROR,active,active ~ arm | subject_group=BLS,135603,10431,893,27.26235875706217,,BLS,,,1.0
k+6:HONEST_ERROR,-0.09752925877763297,0.0093366674624713,-10.445831895550683,0.0,-0.11582912700407672,-0.07922939055118922,6,HONEST_ERROR,active,active ~ arm | subject_group=BLS,135603,10431,893,27.26235875706217,,BLS,,,1.0
k-6:AUTHOR_MISCONDUCT,-0.11553030303030219,0.030712775820819667,-3.7616366460756754,0.00016880515682049513,-0.17572734363910875,-0.055333262421495645,-6,AUTHOR_MISCONDUCT,active,active ~ arm | subject_group=ENV,5408,416,79,23.189189189189257,,ENV,,,1.0
k-5:AUTHOR_MISCONDUCT,-0.08522727272727192,0.025184971619928134,-3.3840527602514374,0.0007142427678412666,-0.13458981710233106,-0.03586472835221278,-5,AUTHOR_MISCONDUCT,active,active ~ arm | subject_group=ENV,5408,416,79,23.189189189189257,,ENV,,,1.0
k-4:AUTHOR_MISCONDUCT,-0.024621212121211426,0.026840324558410164,-0.9173216988352922,0.35897409012095416,-0.07722824825569535,0.027985824013272494,-4,AUTHOR_MISCONDUCT,active,active ~ arm | subject_group=ENV,5408,416,79,23.189189189189257,,ENV,,,1.0
k-3:AUTHOR_MISCONDUCT,0.0018939393939400306,0.030567130489849294,0.06195999963323245,0.9505946864345229,-0.05801763636616458,0.06180551515404464,-3,AUTHOR_MISCONDUCT,active,active ~ arm | subject_group=ENV,5408,416,79,23.189189189189257,,ENV,,,0.0
k+0:AUTHOR_MISCONDUCT,0.11553030303030347,0.03393913605968235,3.404043721889153,0.0006639612482368662,0.049009596353326065,0.1820510097072809,0,AUTHOR_MISCONDUCT,active,active ~ arm | subject_group=ENV,5408,416,79,23.189189189189257,,ENV,,,1.0
k+1:AUTHOR_MISCONDUCT,-0.05871212121212038,0.031095400524587594,-1.8881287978810832,0.059008661638398685,-0.11965910624031206,0.0022348638160713044,1,AUTHOR_MISCONDUCT,active,active ~ arm | subject_group=ENV,5408,416,79,23.189189189189257,,ENV,,,1.0
k+2:AUTHOR_MISCONDUCT,-0.017045454545453878,0.02968978419384351,-0.5741185060209509,0.565887611146793,-0.07523743156538716,0.041146522474479405,2,AUTHOR_MISCONDUCT,active,active ~ arm | subject_group=ENV,5408,416,79,23.189189189189257,,ENV,,,0.0
k+3:AUTHOR_MISCONDUCT,-0.03598484848484779,0.03128222255912719,-1.1503290220773816,0.2500083817534269,-0.09729800470073707,0.0253283077310415,3,AUTHOR_MISCONDUCT,active,active ~ arm | subject_group=ENV,5408,416,79,23.189189189189257,,ENV,,,1.0
k+4:AUTHOR_MISCONDUCT,-0.04356060606060538,0.030857407460676962,-1.4116742022516537,0.15804591273816815,-0.10404112468353222,0.01691991256232147,4,AUTHOR_MISCONDUCT,active,active ~ arm | subject_group=ENV,5408,416,79,23.189189189189257,,ENV,,,1.0
k+5:AUTHOR_MISCONDUCT,-0.0776515151515144,0.030318600170478043,-2.5611840492268363,0.01043160767643081,-0.13707597148565137,-0.01822705881737744,5,AUTHOR_MISCONDUCT,active,active ~ arm | subject_group=ENV,5408,416,79,23.189189189189257,,ENV,,,1.0
k+6:AUTHOR_MISCONDUCT,-0.085227272727272,0.028070323601271673,-3.036205564919492,0.0023957596770722844,-0.14024510698576448,-0.03020943846877952,6,AUTHOR_MISCONDUCT,active,active ~ arm | subject_group=ENV,5408,416,79,23.189189189189257,,ENV,,,1.0
k-6:EDITORIAL_COMPROMISE,-0.1410256410256416,0.07206193249256368,-1.9570060938928404,0.050346751897273334,-0.2822670287110664,0.0002157466597831892,-6,EDITORIAL_COMPROMISE,active,active ~ arm | subject_group=ENV,5408,416,79,23.189189189189257,,ENV,,,1.0
k-5:EDITORIAL_COMPROMISE,-0.1794871794871801,0.062478654404031414,-2.8727760096510457,0.004068824848305841,-0.30194534211908164,-0.05702901685527853,-5,EDITORIAL_COMPROMISE,active,active ~ arm | subject_group=ENV,5408,416,79,23.189189189189257,,ENV,,,1.0
k-4:EDITORIAL_COMPROMISE,-0.11538461538461586,0.08409005963647347,-1.3721552331325568,0.17001511816733061,-0.28020113227210386,0.04943190150287213,-4,EDITORIAL_COMPROMISE,active,active ~ arm | subject_group=ENV,5408,416,79,23.189189189189257,,ENV,,,1.0
k-3:EDITORIAL_COMPROMISE,-0.012820512820513372,0.04456832252875568,-0.28765975682036315,0.7736071978651902,-0.1001744249768745,0.07453339933584775,-3,EDITORIAL_COMPROMISE,active,active ~ arm | subject_group=ENV,5408,416,79,23.189189189189257,,ENV,,,0.0
k+0:EDITORIAL_COMPROMISE,0.11538461538461478,0.06142790580668274,1.878374557448483,0.060329943548071086,-0.0050140799964833865,0.23578331076571296,0,EDITORIAL_COMPROMISE,active,active ~ arm | subject_group=ENV,5408,416,79,23.189189189189257,,ENV,,,1.0
k+1:EDITORIAL_COMPROMISE,0.05128205128205078,0.05225585512326857,0.9813646941778936,0.3264129301763359,-0.051139424759555616,0.15370352732365716,1,EDITORIAL_COMPROMISE,active,active ~ arm | subject_group=ENV,5408,416,79,23.189189189189257,,ENV,,,1.0
k+2:EDITORIAL_COMPROMISE,0.012820512820512244,0.056239457442381666,0.22796295347705106,0.8196750410974507,-0.09740882376655581,0.1230498494075803,2,EDITORIAL_COMPROMISE,active,active ~ arm | subject_group=ENV,5408,416,79,23.189189189189257,,ENV,,,0.0
k+3:EDITORIAL_COMPROMISE,-5.620504062164855e-16,0.05566041707968299,-1.0097847549576548e-14,0.999999999999992,-0.10909441747617923,0.1090944174761781,3,EDITORIAL_COMPROMISE,active,active ~ arm | subject_group=ENV,5408,416,79,23.189189189189257,,ENV,,,0.0
k+4:EDITORIAL_COMPROMISE,-0.05128205128205193,0.06450239071749314,-0.7950410940062128,0.4265895982405219,-0.17770673708833848,0.07514263452423461,4,EDITORIAL_COMPROMISE,active,active ~ arm | subject_group=ENV,5408,416,79,23.189189189189257,,ENV,,,1.0
k+5:EDITORIAL_COMPROMISE,-0.05128205128205193,0.06790745715226956,-0.7551755496758137,0.45014365710178383,-0.18438066730050026,0.0818165647363964,5,EDITORIAL_COMPROMISE,active,active ~ arm | subject_group=ENV,5408,416,79,23.189189189189257,,ENV,,,1.0
k+6:EDITORIAL_COMPROMISE,-0.07692307692307732,0.05849033158657466,-1.3151417479864917,0.1884622681478887,-0.19156412683276364,0.03771797298660902,6,EDITORIAL_COMPROMISE,active,active ~ arm | subject_group=ENV,5408,416,79,23.189189189189257,,ENV,,,1.0
k-6:HONEST_ERROR,-0.18918918918918973,0.0443829208125085,-4.2626574755726825,2.020100431354699e-05,-0.2761797139817064,-0.10219866439667308,-6,HONEST_ERROR,active,active ~ arm | subject_group=ENV,5408,416,79,23.189189189189257,,ENV,,,1.0
k-5:HONEST_ERROR,-0.1621621621621626,0.05570982165724858,-2.9108361387307213,0.0036046300430190303,-0.2713534126103698,-0.052970911713955376,-5,HONEST_ERROR,active,active ~ arm | subject_group=ENV,5408,416,79,23.189189189189257,,ENV,,,1.0
k-4:HONEST_ERROR,-0.08108108108108152,0.053832668005035784,-1.5061687277601916,0.13202386511559228,-0.18659311037095166,0.02443094820878862,-4,HONEST_ERROR,active,active ~ arm | subject_group=ENV,5408,416,79,23.189189189189257,,ENV,,,1.0
k-3:HONEST_ERROR,-0.027027027027027486,0.05591801512722839,-0.4833330898018071,0.628859248611318,-0.13662633667639512,0.08257228262234015,-3,HONEST_ERROR,active,active ~ arm | subject_group=ENV,5408,416,79,23.189189189189257,,ENV,,,1.0
k+0:HONEST_ERROR,0.027027027027026626,0.03972432839918558,0.680364605675265,0.49627362638725403,-0.0508326566353771,0.10488671068943035,0,HONEST_ERROR,active,active ~ arm | subject_group=ENV,5408,416,79,23.189189189189257,,ENV,,,1.0
k+1:HONEST_ERROR,-0.054054054054054494,0.033430039991295485,-1.6169305830363676,0.10589326593712745,-0.11957693243699363,0.011468824328884651,1,HONEST_ERROR,active,active ~ arm | subject_group=ENV,5408,416,79,23.189189189189257,,ENV,,,1.0
k+2:HONEST_ERROR,-0.054054054054054466,0.03117272525862786,-1.7340175940855092,0.08291496146685295,-0.11515259556096508,0.007044487452856137,2,HONEST_ERROR,active,active ~ arm | subject_group=ENV,5408,416,79,23.189189189189257,,ENV,,,1.0
k+3:HONEST_ERROR,-0.10810810810810859,0.04224937190720345,-2.558809829068165,0.0105031180193762,-0.19091687704622734,-0.025299339169989818,3,HONEST_ERROR,active,active ~ arm | subject_group=ENV,5408,416,79,23.189189189189257,,ENV,,,1.0
k+4:HONEST_ERROR,-0.08108108108108149,0.05908746395328724,-1.3722213758434738,0.16999453295499367,-0.1968925104295245,0.0347303482673615,4,HONEST_ERROR,active,active ~ arm | subject_group=ENV,5408,416,79,23.189189189189257,,ENV,,,1.0
k+5:HONEST_ERROR,-0.13513513513513553,0.04172825426098999,-3.238456473398834,0.0012017835723390213,-0.2169225134866759,-0.05334775678359514,5,HONEST_ERROR,active,active ~ arm | subject_group=ENV,5408,416,79,23.189189189189257,,ENV,,,1.0
k+6:HONEST_ERROR,-0.08108108108108153,0.045863283314822666,-1.7678865362628047,0.07707987406649819,-0.17097311637813395,0.00881095421597089,6,HONEST_ERROR,active,active ~ arm | subject_group=ENV,5408,416,79,23.189189189189257,,ENV,,,1.0
k-6:AUTHOR_MISCONDUCT,-0.1568627450980392,0.019481623281873854,-8.051831350418725,8.881784197001252e-16,-0.19504672673051196,-0.11867876346556647,-6,AUTHOR_MISCONDUCT,active,active ~ arm | subject_group=HSC,34021,2617,438,15.461753731343356,,HSC,,,1.0
k-5:AUTHOR_MISCONDUCT,-0.12470588235294117,0.017699172824998288,-7.045859350941347,1.843192265482685e-12,-0.15939626108993782,-0.09001550361594451,-5,AUTHOR_MISCONDUCT,active,active ~ arm | subject_group=HSC,34021,2617,438,15.461753731343356,,HSC,,,1.0
k-4:AUTHOR_MISCONDUCT,-0.07921568627450981,0.017227203274897112,-4.598290564664096,4.259716321008966e-06,-0.11298100469330816,-0.04545036785571147,-4,AUTHOR_MISCONDUCT,active,active ~ arm | subject_group=HSC,34021,2617,438,15.461753731343356,,HSC,,,1.0
k-3:AUTHOR_MISCONDUCT,-0.017254901960784372,0.013941542735375281,-1.2376608735704528,0.21584183267533863,-0.04458032572211992,0.01007052180055118,-3,AUTHOR_MISCONDUCT,active,active ~ arm | subject_group=HSC,34021,2617,438,15.461753731343356,,HSC,,,0.0
k+0:AUTHOR_MISCONDUCT,0.039999999999999994,0.014523114399448003,2.7542301809259535,0.005883037629433208,0.01153469577708191,0.06846530422291808,0,AUTHOR_MISCONDUCT,active,active ~ arm | subject_group=HSC,34021,2617,438,15.461753731343356,,HSC,,,1.0
k+1:AUTHOR_MISCONDUCT,-0.06745098039215693,0.012655908212695481,-5.329604107312902,9.84270860371339e-08,-0.09225656048904007,-0.04264540029527378,1,AUTHOR_MISCONDUCT,active,active ~ arm | subject_group=HSC,34021,2617,438,15.461753731343356,,HSC,,,1.0
k+2:AUTHOR_MISCONDUCT,-0.08,0.01358927417961562,-5.886995798495461,3.932786984961467e-09,-0.10663497739204661,-0.05336502260795339,2,AUTHOR_MISCONDUCT,active,active ~ arm | subject_group=HSC,34021,2617,438,15.461753731343356,,HSC,,,1.0
k+3:AUTHOR_MISCONDUCT,-0.08627450980392154,0.014576059676235036,-5.918918536302677,3.2406541894403063e-09,-0.11484358676934221,-0.05770543283850087,3,AUTHOR_MISCONDUCT,active,active ~ arm | subject_group=HSC,34021,2617,438,15.461753731343356,,HSC,,,1.0
k+4:AUTHOR_MISCONDUCT,-0.08156862745098033,0.013621765103194617,-5.988109972021952,2.1229351609974856e-09,-0.10826728705324178,-0.05486996784871888,4,AUTHOR_MISCONDUCT,active,active ~ arm | subject_group=HSC,34021,2617,438,15.461753731343356,,HSC,,,1.0
k+5:AUTHOR_MISCONDUCT,-0.11294117647058821,0.013428143910714887,-8.41078091071601,0.0,-0.1392603385355894,-0.08662201440558703,5,AUTHOR_MISCONDUCT,active,active ~ arm | subject_group=HSC,34021,2617,438,15.461753731343356,,HSC,,,1.0
k+6:AUTHOR_MISCONDUCT,-0.1176470588235294,0.014714465673543693,-7.995333397328616,1.3322676295501878e-15,-0.14648741154367503,-0.08880670610338376,6,AUTHOR_MISCONDUCT,active,active ~ arm | subject_group=HSC,34021,2617,438,15.461753731343356,,HSC,,,1.0
k-6:EDITORIAL_COMPROMISE,-0.1352611940298507,0.026627082169792378,-5.079835378406593,3.7776207317818944e-07,-0.18745027508264378,-0.08307211297705765,-6,EDITORIAL_COMPROMISE,active,active ~ arm | subject_group=HSC,34021,2617,438,15.461753731343356,,HSC,,,1.0
k-5:EDITORIAL_COMPROMISE,-0.12966417910447758,0.02377667895448099,-5.453418425370161,4.9410617819489744e-08,-0.17626646985526032,-0.08306188835369485,-5,EDITORIAL_COMPROMISE,active,active ~ arm | subject_group=HSC,34021,2617,438,15.461753731343356,,HSC,,,1.0
k-4:EDITORIAL_COMPROMISE,-0.09608208955223875,0.022528569559863015,-4.2648996997758335,1.999920227646612e-05,-0.14023808588957026,-0.051926093214907244,-4,EDITORIAL_COMPROMISE,active,active ~ arm | subject_group=HSC,34021,2617,438,15.461753731343356,,HSC,,,1.0
k-3:EDITORIAL_COMPROMISE,-0.062499999999999875,0.022653580491973344,-2.758945766747335,0.005798815764487486,-0.10690101776426764,-0.01809898223573212,-3,EDITORIAL_COMPROMISE,active,active ~ arm | subject_group=HSC,34021,2617,438,15.461753731343356,,HSC,,,1.0
k+0:EDITORIAL_COMPROMISE,0.05503731343283601,0.01477439430926417,3.725182385197699,0.00019517405652491604,0.026079500586678236,0.08399512627899378,0,EDITORIAL_COMPROMISE,active,active ~ arm | subject_group=HSC,34021,2617,438,15.461753731343356,,HSC,,,1.0
k+1:EDITORIAL_COMPROMISE,-0.032649253731343184,0.01646216154657225,-1.9832908114148236,0.04733495518077824,-0.0649150903626248,-0.0003834171000615741,1,EDITORIAL_COMPROMISE,active,active ~ arm | subject_group=HSC,34021,2617,438,15.461753731343356,,HSC,,,1.0
k+2:EDITORIAL_COMPROMISE,-0.08675373134328344,0.021877861508782664,-3.965366144604991,7.328336823109183e-05,-0.12963433990049747,-0.043873122786069425,2,EDITORIAL_COMPROMISE,active,active ~ arm | subject_group=HSC,34021,2617,438,15.461753731343356,,HSC,,,1.0
k+3:EDITORIAL_COMPROMISE,-0.08488805970149245,0.018889934237574065,-4.493825051684996,6.995510668517113e-06,-0.12191233080713762,-0.047863788595847286,3,EDITORIAL_COMPROMISE,active,active ~ arm | subject_group=HSC,34021,2617,438,15.461753731343356,,HSC,,,1.0
k+4:EDITORIAL_COMPROMISE,-0.07742537313432825,0.018435115091646363,-4.1998855309242185,2.670499559309647e-05,-0.11355819871395512,-0.04129254755470138,4,EDITORIAL_COMPROMISE,active,active ~ arm | subject_group=HSC,34021,2617,438,15.461753731343356,,HSC,,,1.0
k+5:EDITORIAL_COMPROMISE,-0.10167910447761183,0.018586566492138464,-5.470569538522293,4.4859164827215636e-08,-0.1381087748022032,-0.06524943415302045,5,EDITORIAL_COMPROMISE,active,active ~ arm | subject_group=HSC,34021,2617,438,15.461753731343356,,HSC,,,1.0
k+6:EDITORIAL_COMPROMISE,-0.09048507462686556,0.02266087309759933,-3.9930091941802304,6.524003777919063e-05,-0.13490038589816025,-0.04606976335557087,6,EDITORIAL_COMPROMISE,active,active ~ arm | subject_group=HSC,34021,2617,438,15.461753731343356,,HSC,,,1.0
k-6:HONEST_ERROR,-0.18610421836228352,0.019874133809423322,-9.364142364485954,0.0,-0.22505752062875323,-0.14715091609581382,-6,HONEST_ERROR,active,active ~ arm | subject_group=HSC,34021,2617,438,15.461753731343356,,HSC,,,1.0
k-5:HONEST_ERROR,-0.12034739454094347,0.016562989810808535,-7.266042901409514,3.701483564100272e-13,-0.1528108545701282,-0.08788393451175874,-5,HONEST_ERROR,active,active ~ arm | subject_group=HSC,34021,2617,438,15.461753731343356,,HSC,,,1.0
k-4:HONEST_ERROR,-0.08064516129032323,0.014880149179971732,-5.419647364750172,5.971670846705024e-08,-0.10981025368306782,-0.05148006889757864,-4,HONEST_ERROR,active,active ~ arm | subject_group=HSC,34021,2617,438,15.461753731343356,,HSC,,,1.0
k-3:HONEST_ERROR,-0.04094292803970289,0.01423534543958887,-2.8761457327083564,0.004025638031825984,-0.06884420510129707,-0.013041650978108704,-3,HONEST_ERROR,active,active ~ arm | subject_group=HSC,34021,2617,438,15.461753731343356,,HSC,,,1.0
k+0:HONEST_ERROR,0.0570719602977661,0.013833936033671727,4.125504134098441,3.6992353701137404e-05,0.029957445671769518,0.08418647492376269,0,HONEST_ERROR,active,active ~ arm | subject_group=HSC,34021,2617,438,15.461753731343356,,HSC,,,1.0
k+1:HONEST_ERROR,-0.03722084367245719,0.013916662006634493,-2.674552536715549,0.007482905079053914,-0.0644975012054608,-0.009944186139453585,1,HONEST_ERROR,active,active ~ arm | subject_group=HSC,34021,2617,438,15.461753731343356,,HSC,,,1.0
k+2:HONEST_ERROR,-0.02481389578163838,0.013009675503769186,-1.9073416377256494,0.05647636165001746,-0.05031285976902598,0.0006850682057492237,2,HONEST_ERROR,active,active ~ arm | subject_group=HSC,34021,2617,438,15.461753731343356,,HSC,,,1.0
k+3:HONEST_ERROR,-0.06699751861042247,0.014624847860689327,-4.581074569022191,4.625928498258602e-06,-0.09566222041737354,-0.03833281680347139,3,HONEST_ERROR,active,active ~ arm | subject_group=HSC,34021,2617,438,15.461753731343356,,HSC,,,1.0
k+4:HONEST_ERROR,-0.06947890818858625,0.014464065046370824,-4.803553355563704,1.558743275120733e-06,-0.09782847567947306,-0.04112934069769944,4,HONEST_ERROR,active,active ~ arm | subject_group=HSC,34021,2617,438,15.461753731343356,,HSC,,,1.0
k+5:HONEST_ERROR,-0.07940446650124135,0.01382859191701058,-5.742050020549507,9.353718244398124e-09,-0.10650850665858208,-0.05230042634390061,5,HONEST_ERROR,active,active ~ arm | subject_group=HSC,34021,2617,438,15.461753731343356,,HSC,,,1.0
k+6:HONEST_ERROR,-0.10049627791563337,0.017000951760501547,-5.911214814991547,3.395938197314763e-09,-0.1338181433662164,-0.06717441246505033,6,HONEST_ERROR,active,active ~ arm | subject_group=HSC,34021,2617,438,15.461753731343356,,HSC,,,1.0
k-6:AUTHOR_MISCONDUCT,-0.15568369028006576,0.016665387230250364,-9.341738546433218,0.0,-0.18834784925135648,-0.12301953130877505,-6,AUTHOR_MISCONDUCT,active,active ~ arm | subject_group=PHY,28951,2227,417,23.625748502994124,,PHY,,,1.0
k-5:AUTHOR_MISCONDUCT,-0.10790774299835236,0.016977731998599616,-6.355839696801256,2.0729107319539253e-10,-0.1411840977156076,-0.07463138828109711,-5,AUTHOR_MISCONDUCT,active,active ~ arm | subject_group=PHY,28951,2227,417,23.625748502994124,,PHY,,,1.0
k-4:AUTHOR_MISCONDUCT,-0.09060955518945628,0.014205923144617499,-6.378294058544689,1.790714243554703e-10,-0.11845316455290658,-0.06276594582600598,-4,AUTHOR_MISCONDUCT,active,active ~ arm | subject_group=PHY,28951,2227,417,23.625748502994124,,PHY,,,1.0
k-3:AUTHOR_MISCONDUCT,-0.027182866556836747,0.012667140852858916,-2.1459354460956908,0.03187812933330236,-0.052010462628440224,-0.0023552704852332733,-3,AUTHOR_MISCONDUCT,active,active ~ arm | subject_group=PHY,28951,2227,417,23.625748502994124,,PHY,,,1.0
k+0:AUTHOR_MISCONDUCT,0.10790774299835248,0.011697691518133563,9.224704107735764,0.0,0.0849802676228107,0.13083521837389428,0,AUTHOR_MISCONDUCT,active,active ~ arm | subject_group=PHY,28951,2227,417,23.625748502994124,,PHY,,,1.0
k+1:AUTHOR_MISCONDUCT,-0.06836902800658973,0.012183963686868617,-5.611394597332484,2.00702521269136e-08,-0.09224959683285222,-0.04448845918032724,1,AUTHOR_MISCONDUCT,active,active ~ arm | subject_group=PHY,28951,2227,417,23.625748502994124,,PHY,,,1.0
k+2:AUTHOR_MISCONDUCT,-0.07084019769357484,0.011614950915741475,-6.099052695742929,1.0669889416448086e-09,-0.09360550148842814,-0.04807489389872155,2,AUTHOR_MISCONDUCT,active,active ~ arm | subject_group=PHY,28951,2227,417,23.625748502994124,,PHY,,,1.0
k+3:AUTHOR_MISCONDUCT,-0.07660626029654026,0.012975859066001332,-5.903752491984132,3.5532512487890244e-09,-0.10203894406590287,-0.05117357652717765,3,AUTHOR_MISCONDUCT,active,active ~ arm | subject_group=PHY,28951,2227,417,23.625748502994124,,PHY,,,1.0
k+4:AUTHOR_MISCONDUCT,-0.08731466227347603,0.012278339787629707,-7.111275936624966,1.1497469643018121e-12,-0.11138020825723026,-0.06324911628972181,4,AUTHOR_MISCONDUCT,active,active ~ arm | subject_group=PHY,28951,2227,417,23.625748502994124,,PHY,,,1.0
k+5:AUTHOR_MISCONDUCT,-0.09967051070840188,0.013364042007520564,-7.458111150227804,8.79296635503124e-14,-0.1258640330431422,-0.07347698837366158,5,AUTHOR_MISCONDUCT,active,active ~ arm | subject_group=PHY,28951,2227,417,23.625748502994124,,PHY,,,1.0
k+6:AUTHOR_MISCONDUCT,-0.0881383855024711,0.01321791989376645,-6.668098022294494,2.5913937662380704e-11,-0.11404550849425335,-0.06223126251068886,6,AUTHOR_MISCONDUCT,active,active ~ arm | subject_group=PHY,28951,2227,417,23.625748502994124,,PHY,,,1.0
k-6:EDITORIAL_COMPROMISE,-0.14371257485029926,0.024702466800231315,-5.817741847909438,5.964792659796103e-09,-0.19212940977875265,-0.09529573992184588,-6,EDITORIAL_COMPROMISE,active,active ~ arm | subject_group=PHY,28951,2227,417,23.625748502994124,,PHY,,,1.0
k-5:EDITORIAL_COMPROMISE,-0.10179640718562874,0.021187413785240604,-4.80456974208628,1.5508463757640811e-06,-0.14332373820470032,-0.060269076166557155,-5,EDITORIAL_COMPROMISE,active,active ~ arm | subject_group=PHY,28951,2227,417,23.625748502994124,,PHY,,,1.0
k-4:EDITORIAL_COMPROMISE,-0.06886227544910173,0.022309330659271136,-3.0867028913072514,0.002023897752079229,-0.11258856354127315,-0.025135987356930303,-4,EDITORIAL_COMPROMISE,active,active ~ arm | subject_group=PHY,28951,2227,417,23.625748502994124,,PHY,,,1.0
k-3:EDITORIAL_COMPROMISE,-0.02994011976047894,0.024768624946640047,-1.2087921644814774,0.22674270263613439,-0.07848662465589343,0.01860638513493555,-3,EDITORIAL_COMPROMISE,active,active ~ arm | subject_group=PHY,28951,2227,417,23.625748502994124,,PHY,,,1.0
k+0:EDITORIAL_COMPROMISE,0.03592814371257494,0.01999989132081512,1.7964169472852238,0.07242823054581216,-0.003271643276222695,0.07512793070137258,0,EDITORIAL_COMPROMISE,active,active ~ arm | subject_group=PHY,28951,2227,417,23.625748502994124,,PHY,,,1.0
k+1:EDITORIAL_COMPROMISE,-0.04491017964071843,0.02380002127860788,-1.8869806507729867,0.059162928208559284,-0.09155822134678987,0.0017378620653530144,1,EDITORIAL_COMPROMISE,active,active ~ arm | subject_group=PHY,28951,2227,417,23.625748502994124,,PHY,,,1.0
k+2:EDITORIAL_COMPROMISE,-0.06886227544910167,0.020624363710100128,-3.338879997319799,0.0008411689391032429,-0.10928602832089793,-0.028438522577305426,2,EDITORIAL_COMPROMISE,active,active ~ arm | subject_group=PHY,28951,2227,417,23.625748502994124,,PHY,,,1.0
k+3:EDITORIAL_COMPROMISE,-0.08383233532934119,0.021039126361897902,-3.984592035207436,6.759615525586682e-05,-0.12506902299866107,-0.0425956476600213,3,EDITORIAL_COMPROMISE,active,active ~ arm | subject_group=PHY,28951,2227,417,23.625748502994124,,PHY,,,1.0
k+4:EDITORIAL_COMPROMISE,-0.08982035928143697,0.02593505818604199,-3.4632796517023996,0.0005336334663914588,-0.1406530733260793,-0.03898764523679467,4,EDITORIAL_COMPROMISE,active,active ~ arm | subject_group=PHY,28951,2227,417,23.625748502994124,,PHY,,,1.0
k+5:EDITORIAL_COMPROMISE,-0.08083832335329329,0.019671576425499812,-4.109397315433471,3.9669305701206525e-05,-0.11939461314727293,-0.042282033559313655,5,EDITORIAL_COMPROMISE,active,active ~ arm | subject_group=PHY,28951,2227,417,23.625748502994124,,PHY,,,1.0
k+6:EDITORIAL_COMPROMISE,-0.10479041916167647,0.01890782823686656,-5.5421710970145,2.9874418272513026e-08,-0.14184976250593492,-0.06773107581741802,6,EDITORIAL_COMPROMISE,active,active ~ arm | subject_group=PHY,28951,2227,417,23.625748502994124,,PHY,,,1.0
k-6:HONEST_ERROR,-0.1612665684830641,0.016512211646833305,-9.766503236045404,0.0,-0.19363050331085735,-0.12890263365527083,-6,HONEST_ERROR,active,active ~ arm | subject_group=PHY,28951,2227,417,23.625748502994124,,PHY,,,1.0
k-5:HONEST_ERROR,-0.1450662739322539,0.018894901050820395,-7.67753551829028,1.6209256159527285e-14,-0.18210027999186187,-0.10803226787264594,-5,HONEST_ERROR,active,active ~ arm | subject_group=PHY,28951,2227,417,23.625748502994124,,PHY,,,1.0
k-4:HONEST_ERROR,-0.08615611192930865,0.01662592466167982,-5.182034303805378,2.194788357723354e-07,-0.11874292426620109,-0.05356929959241621,-4,HONEST_ERROR,active,active ~ arm | subject_group=PHY,28951,2227,417,23.625748502994124,,PHY,,,1.0
k-3:HONEST_ERROR,-0.04050073637702583,0.01841753788223486,-2.1990309799276657,0.027875719536782473,-0.07659911062620615,-0.004402362127845505,-3,HONEST_ERROR,active,active ~ arm | subject_group=PHY,28951,2227,417,23.625748502994124,,PHY,,,1.0
k+0:HONEST_ERROR,0.06553755522827606,0.019853142361092813,3.301117477337656,0.0009630055118683423,0.026625396200534147,0.10444971425601798,0,HONEST_ERROR,active,active ~ arm | subject_group=PHY,28951,2227,417,23.625748502994124,,PHY,,,1.0
k+1:HONEST_ERROR,-0.04197349042709946,0.015115857266390503,-2.776785311437534,0.00548994281195192,-0.07160057066922484,-0.012346410184974076,1,HONEST_ERROR,active,active ~ arm | subject_group=PHY,28951,2227,417,23.625748502994124,,PHY,,,1.0
k+2:HONEST_ERROR,-0.06553755522827767,0.014001399235567407,-4.680786121846611,2.857769594521997e-06,-0.0929802977299898,-0.03809481272656555,2,HONEST_ERROR,active,active ~ arm | subject_group=PHY,28951,2227,417,23.625748502994124,,PHY,,,1.0
k+3:HONEST_ERROR,-0.08615611192930862,0.015578256964792644,-5.5305360621553605,3.192536546237079e-08,-0.1166894955803022,-0.05562272827831504,3,HONEST_ERROR,active,active ~ arm | subject_group=PHY,28951,2227,417,23.625748502994124,,PHY,,,1.0
k+4:HONEST_ERROR,-0.08026509572901402,0.015863281419669605,-5.059804059801252,4.196875282858059e-07,-0.11135712731156645,-0.049173064146461595,4,HONEST_ERROR,active,active ~ arm | subject_group=PHY,28951,2227,417,23.625748502994124,,PHY,,,1.0
k+5:HONEST_ERROR,-0.07584683357879311,0.017264033836797647,-4.393343658602452,1.1162046879675813e-05,-0.1096843398989165,-0.042009327258669724,5,HONEST_ERROR,active,active ~ arm | subject_group=PHY,28951,2227,417,23.625748502994124,,PHY,,,1.0
k+6:HONEST_ERROR,-0.0994108983799713,0.016208806932695028,-6.133141001232366,8.616072300071664e-10,-0.13118015996805354,-0.06764163679188905,6,HONEST_ERROR,active,active ~ arm | subject_group=PHY,28951,2227,417,23.625748502994124,,PHY,,,1.0
k-6:AUTHOR_MISCONDUCT,-0.21666666666666717,0.0792657183992332,-2.7334221027985177,0.006267994781691488,-0.37202747472916425,-0.061305858604170094,-6,AUTHOR_MISCONDUCT,active,active ~ arm | subject_group=SOC,2210,170,76,25.4347826086956,,SOC,,,1.0
k-5:AUTHOR_MISCONDUCT,-0.17222222222222253,0.06725755200950477,-2.5606376841946945,0.01044802543834411,-0.3040470241608519,-0.040397420283593166,-5,AUTHOR_MISCONDUCT,active,active ~ arm | subject_group=SOC,2210,170,76,25.4347826086956,,SOC,,,1.0
k-4:AUTHOR_MISCONDUCT,-0.10555555555555617,0.05774155152443894,-1.828069263273608,0.06753915723645432,-0.21872899654345648,0.007617885432344151,-4,AUTHOR_MISCONDUCT,active,active ~ arm | subject_group=SOC,2210,170,76,25.4347826086956,,SOC,,,1.0
k-3:AUTHOR_MISCONDUCT,-0.05000000000000064,0.05934109101748735,-0.8425864631519168,0.3994597644927089,-0.16630853839427584,0.06630853839427456,-3,AUTHOR_MISCONDUCT,active,active ~ arm | subject_group=SOC,2210,170,76,25.4347826086956,,SOC,,,1.0
k+0:AUTHOR_MISCONDUCT,-0.016666666666667395,0.04075144936328748,-0.4089834086166812,0.682551837004856,-0.09653950741871085,0.06320617408537606,0,AUTHOR_MISCONDUCT,active,active ~ arm | subject_group=SOC,2210,170,76,25.4347826086956,,SOC,,,0.0
k+1:AUTHOR_MISCONDUCT,-0.11666666666666725,0.05187100954542932,-2.2491689999688367,0.024501745953965592,-0.2183338453757087,-0.014999487957625776,1,AUTHOR_MISCONDUCT,active,active ~ arm | subject_group=SOC,2210,170,76,25.4347826086956,,SOC,,,1.0
k+2:AUTHOR_MISCONDUCT,-0.10555555555555612,0.048092729646349586,-2.194833945416699,0.02817551151229214,-0.1998173056624013,-0.011293805448710934,2,AUTHOR_MISCONDUCT,active,active ~ arm | subject_group=SOC,2210,170,76,25.4347826086956,,SOC,,,1.0
k+3:AUTHOR_MISCONDUCT,-0.10555555555555617,0.05066353928097947,-2.083461934432692,0.037209137944049786,-0.20485609254627593,-0.006255018564836401,3,AUTHOR_MISCONDUCT,active,active ~ arm | subject_group=SOC,2210,170,76,25.4347826086956,,SOC,,,1.0
k+4:AUTHOR_MISCONDUCT,-0.17222222222222278,0.04799487003565229,-3.5883464648261367,0.00033278187363072753,-0.2662921674921013,-0.0781522769523443,4,AUTHOR_MISCONDUCT,active,active ~ arm | subject_group=SOC,2210,170,76,25.4347826086956,,SOC,,,1.0
k+5:AUTHOR_MISCONDUCT,-0.17222222222222283,0.054009809339280984,-3.18872116619317,0.0014290364671341038,-0.27808144852721356,-0.0663629959172321,5,AUTHOR_MISCONDUCT,active,active ~ arm | subject_group=SOC,2210,170,76,25.4347826086956,,SOC,,,1.0
k+6:AUTHOR_MISCONDUCT,-0.13888888888888953,0.05688100126469579,-2.441744797046908,0.014616475024121556,-0.25037565136769324,-0.027402126410085798,6,AUTHOR_MISCONDUCT,active,active ~ arm | subject_group=SOC,2210,170,76,25.4347826086956,,SOC,,,1.0
k-6:EDITORIAL_COMPROMISE,-0.19565217391304338,0.0925664074509435,-2.1136412150026587,0.034545922853377764,-0.3770823325168926,-0.01422201530919412,-6,EDITORIAL_COMPROMISE,active,active ~ arm | subject_group=SOC,2210,170,76,25.4347826086956,,SOC,,,1.0
k-5:EDITORIAL_COMPROMISE,-0.15217391304347783,0.11749238868987255,-1.2951810303657116,0.19525778713382858,-0.382458994875628,0.07811116878867236,-5,EDITORIAL_COMPROMISE,active,active ~ arm | subject_group=SOC,2210,170,76,25.4347826086956,,SOC,,,1.0
k-4:EDITORIAL_COMPROMISE,-0.23913043478260837,0.10347463652756662,-2.3110053130643444,0.020832561426779028,-0.44194072237663895,-0.03632014718857779,-4,EDITORIAL_COMPROMISE,active,active ~ arm | subject_group=SOC,2210,170,76,25.4347826086956,,SOC,,,1.0
k-3:EDITORIAL_COMPROMISE,-0.06521739130434755,0.07638610840614171,-0.8537860177087362,0.39322356315184237,-0.21493416378038532,0.08449938117169022,-3,EDITORIAL_COMPROMISE,active,active ~ arm | subject_group=SOC,2210,170,76,25.4347826086956,,SOC,,,1.0
k+0:EDITORIAL_COMPROMISE,-0.152173913043478,0.11234467870068698,-1.3545271107045986,0.17556827009784692,-0.3723694832968245,0.0680216572098685,0,EDITORIAL_COMPROMISE,active,active ~ arm | subject_group=SOC,2210,170,76,25.4347826086956,,SOC,,,1.0
k+1:EDITORIAL_COMPROMISE,-0.10869565217391276,0.10260096582240044,-1.0594018419091888,0.28941681120224594,-0.30979354518581764,0.0924022408379921,1,EDITORIAL_COMPROMISE,active,active ~ arm | subject_group=SOC,2210,170,76,25.4347826086956,,SOC,,,1.0
k+2:EDITORIAL_COMPROMISE,-0.10869565217391274,0.05634378355778779,-1.929150747614089,0.05371215051354916,-0.2191294679471768,0.0017381635993513334,2,EDITORIAL_COMPROMISE,active,active ~ arm | subject_group=SOC,2210,170,76,25.4347826086956,,SOC,,,1.0
k+3:EDITORIAL_COMPROMISE,-0.152173913043478,0.07374286280199552,-2.0635747957341315,0.03905804935430801,-0.2967099241353892,-0.007637901951566772,3,EDITORIAL_COMPROMISE,active,active ~ arm | subject_group=SOC,2210,170,76,25.4347826086956,,SOC,,,1.0
k+4:EDITORIAL_COMPROMISE,-0.152173913043478,0.11234467870068683,-1.3545271107046004,0.17556827009784648,-0.3723694832968242,0.06802165720986819,4,EDITORIAL_COMPROMISE,active,active ~ arm | subject_group=SOC,2210,170,76,25.4347826086956,,SOC,,,1.0
k+5:EDITORIAL_COMPROMISE,-0.10869565217391275,0.0744371619622198,-1.4602336965651734,0.14422585734179205,-0.2545924896198636,0.037201185272038056,5,EDITORIAL_COMPROMISE,active,active ~ arm | subject_group=SOC,2210,170,76,25.4347826086956,,SOC,,,1.0
k+6:EDITORIAL_COMPROMISE,-0.1521739130434781,0.07765035156443047,-1.9597324413555504,0.050027071257144895,-0.3043686021097618,2.0776022805618632e-05,6,EDITORIAL_COMPROMISE,active,active ~ arm | subject_group=SOC,2210,170,76,25.4347826086956,,SOC,,,1.0
k-6:HONEST_ERROR,-0.14035087719298295,0.04648209108986102,-3.0194613431149446,0.0025322460610552877,-0.23145577572911052,-0.04924597865685536,-6,HONEST_ERROR,active,active ~ arm | subject_group=SOC,2210,170,76,25.4347826086956,,SOC,,,1.0
k-5:HONEST_ERROR,-0.12280701754386003,0.048917282227613136,-2.5105036901362676,0.012055906209007317,-0.21868489070998176,-0.026929144377738287,-5,HONEST_ERROR,active,active ~ arm | subject_group=SOC,2210,170,76,25.4347826086956,,SOC,,,1.0
k-4:HONEST_ERROR,-0.1052631578947372,0.056481650486630924,-1.8636700058836408,0.06236805998005135,-0.2159671928485338,0.005440877059059407,-4,HONEST_ERROR,active,active ~ arm | subject_group=SOC,2210,170,76,25.4347826086956,,SOC,,,1.0
k-3:HONEST_ERROR,-0.017543859649123306,0.039840270542417316,-0.44035493259124914,0.6596800604542623,-0.09563078991226125,0.060543070614014635,-3,HONEST_ERROR,active,active ~ arm | subject_group=SOC,2210,170,76,25.4347826086956,,SOC,,,0.0
k+0:HONEST_ERROR,0.07017543859649072,0.07088677732776741,0.9899651421874127,0.32219115714174307,-0.0687626449659334,0.20911352215891485,0,HONEST_ERROR,active,active ~ arm | subject_group=SOC,2210,170,76,25.4347826086956,,SOC,,,1.0
k+1:HONEST_ERROR,-0.052631578947368786,0.050750724557540525,-1.037060641128301,0.2997075966300973,-0.1521029990801482,0.046839841185410645,1,HONEST_ERROR,active,active ~ arm | subject_group=SOC,2210,170,76,25.4347826086956,,SOC,,,1.0
k+2:HONEST_ERROR,-0.1228070175438601,0.0740639961288833,-1.6581203278601937,0.09729318165794565,-0.26797244995647135,0.02235841486875116,2,HONEST_ERROR,active,active ~ arm | subject_group=SOC,2210,170,76,25.4347826086956,,SOC,,,1.0
k+3:HONEST_ERROR,-0.12280701754386014,0.03710590282841839,-3.309635615436518,0.0009341749886209172,-0.1955345870875602,-0.05007944800016009,3,HONEST_ERROR,active,active ~ arm | subject_group=SOC,2210,170,76,25.4347826086956,,SOC,,,1.0
k+4:HONEST_ERROR,-0.01754385964912325,0.05247103023951275,-0.3343532530053514,0.7381130101823907,-0.12038707891856824,0.08529935962032174,4,HONEST_ERROR,active,active ~ arm | subject_group=SOC,2210,170,76,25.4347826086956,,SOC,,,0.0
k+5:HONEST_ERROR,-0.1578947368421057,0.05455521109215831,-2.8942191530590793,0.003801027683807412,-0.26482295058273597,-0.05096652310147541,5,HONEST_ERROR,active,active ~ arm | subject_group=SOC,2210,170,76,25.4347826086956,,SOC,,,1.0
k+6:HONEST_ERROR,-0.12280701754386009,0.06053390905225127,-2.028730995017294,0.04248569710819683,-0.2414534792862726,-0.004160555801447599,6,HONEST_ERROR,active,active ~ arm | subject_group=SOC,2210,170,76,25.4347826086956,,SOC,,,1.0
k-6:AUTHOR_MISCONDUCT,-0.13892288861689145,0.011779850796953026,-11.793263854651302,0.0,-0.16201139617891938,-0.11583438105486352,-6,AUTHOR_MISCONDUCT,active,active ~ arm | lag_band=fast (<1y),47580,3660,830,13.031901840490846,,,fast (<1y),,1.0
k-5:AUTHOR_MISCONDUCT,-0.11811505507955983,0.012373458050569223,-9.545840346072545,0.0,-0.1423670328586755,-0.09386307730044416,-5,AUTHOR_MISCONDUCT,active,active ~ arm | lag_band=fast (<1y),47580,3660,830,13.031901840490846,,,fast (<1y),,1.0
k-4:AUTHOR_MISCONDUCT,-0.07649938800489639,0.011194826486204706,-6.8334590178030865,8.289147146456344e-12,-0.09844124791785762,-0.05455752809193516,-4,AUTHOR_MISCONDUCT,active,active ~ arm | lag_band=fast (<1y),47580,3660,830,13.031901840490846,,,fast (<1y),,1.0
k-3:AUTHOR_MISCONDUCT,-0.02325581395348881,0.010039824967500876,-2.3163565130635613,0.02053881107261013,-0.042933870889790525,-0.003577757017187093,-3,AUTHOR_MISCONDUCT,active,active ~ arm | lag_band=fast (<1y),47580,3660,830,13.031901840490846,,,fast (<1y),,1.0
k+0:AUTHOR_MISCONDUCT,0.18543451652386725,0.00954903323507246,19.419192703486296,0.0,0.16671841138312524,0.20415062166460926,0,AUTHOR_MISCONDUCT,active,active ~ arm | lag_band=fast (<1y),47580,3660,830,13.031901840490846,,,fast (<1y),,1.0
k+1:AUTHOR_MISCONDUCT,0.018359853121174413,0.011163315682196567,1.644659493993796,0.1000400504476846,-0.0035202456159308566,0.04023995185827968,1,AUTHOR_MISCONDUCT,active,active ~ arm | lag_band=fast (<1y),47580,3660,830,13.031901840490846,,,fast (<1y),,0.0
k+2:AUTHOR_MISCONDUCT,0.02264381884944866,0.011026710296301782,2.053542556300142,0.040019986818907505,0.0010314666686971688,0.04425617103020015,2,AUTHOR_MISCONDUCT,active,active ~ arm | lag_band=fast (<1y),47580,3660,830,13.031901840490846,,,fast (<1y),,1.0
k+3:AUTHOR_MISCONDUCT,-0.0024479804161571563,0.011461347478488234,-0.21358574292872307,0.8308701183451621,-0.024912221473994092,0.02001626064167978,3,AUTHOR_MISCONDUCT,active,active ~ arm | lag_band=fast (<1y),47580,3660,830,13.031901840490846,,,fast (<1y),,0.0
k+4:AUTHOR_MISCONDUCT,-0.0220318237454106,0.011956015271786805,-1.8427396791136736,0.0653670276987861,-0.045465613678112735,0.0014019661872915375,4,AUTHOR_MISCONDUCT,active,active ~ arm | lag_band=fast (<1y),47580,3660,830,13.031901840490846,,,fast (<1y),,1.0
k+5:AUTHOR_MISCONDUCT,-0.03610771113831131,0.012229007473581684,-2.95262810300139,0.003150813058827584,-0.06007656578653141,-0.012138856490091207,5,AUTHOR_MISCONDUCT,active,active ~ arm | lag_band=fast (<1y),47580,3660,830,13.031901840490846,,,fast (<1y),,1.0
k+6:AUTHOR_MISCONDUCT,-0.04100367197062476,0.012539147285747157,-3.2700526627701634,0.0010752746397124646,-0.06558040065068918,-0.016426943290560332,6,AUTHOR_MISCONDUCT,active,active ~ arm | lag_band=fast (<1y),47580,3660,830,13.031901840490846,,,fast (<1y),,1.0
k-6:EDITORIAL_COMPROMISE,-0.16871165644171826,0.019093291571598323,-8.836174517581895,0.0,-0.20613450792205096,-0.13128880496138556,-6,EDITORIAL_COMPROMISE,active,active ~ arm | lag_band=fast (<1y),47580,3660,830,13.031901840490846,,,fast (<1y),,1.0
k-5:EDITORIAL_COMPROMISE,-0.14294478527607413,0.017472386164352188,-8.18118280648555,4.440892098500626e-16,-0.17719066215820442,-0.10869890839394383,-5,EDITORIAL_COMPROMISE,active,active ~ arm | lag_band=fast (<1y),47580,3660,830,13.031901840490846,,,fast (<1y),,1.0
k-4:EDITORIAL_COMPROMISE,-0.1269938650306754,0.022848868834460058,-5.557993524788703,2.7289350779113875e-08,-0.1717776479462171,-0.08221008211513367,-4,EDITORIAL_COMPROMISE,active,active ~ arm | lag_band=fast (<1y),47580,3660,830,13.031901840490846,,,fast (<1y),,1.0
k-3:EDITORIAL_COMPROMISE,-0.05828220858895759,0.012931499423290641,-4.506995413384683,6.575205430792153e-06,-0.08362794745860724,-0.032936469719307936,-3,EDITORIAL_COMPROMISE,active,active ~ arm | lag_band=fast (<1y),47580,3660,830,13.031901840490846,,,fast (<1y),,1.0
k+0:EDITORIAL_COMPROMISE,0.1478527607361958,0.015557439610336376,9.503669269457571,0.0,0.1173601790999365,0.17834534237245508,0,EDITORIAL_COMPROMISE,active,active ~ arm | lag_band=fast (<1y),47580,3660,830,13.031901840490846,,,fast (<1y),,1.0
k+1:EDITORIAL_COMPROMISE,0.0509202453987725,0.017727430814709597,2.8723984840781704,0.004073689369314071,0.016174481001941687,0.0856660097956033,1,EDITORIAL_COMPROMISE,active,active ~ arm | lag_band=fast (<1y),47580,3660,830,13.031901840490846,,,fast (<1y),,1.0
k+2:EDITORIAL_COMPROMISE,0.007975460122698902,0.02075163635345516,0.38432921562693934,0.7007344567379015,-0.032697747130073215,0.04864866737547102,2,EDITORIAL_COMPROMISE,active,active ~ arm | lag_band=fast (<1y),47580,3660,830,13.031901840490846,,,fast (<1y),,0.0
k+3:EDITORIAL_COMPROMISE,-0.014110429447853259,0.02444938064193441,-0.5771282984425268,0.5638527891222931,-0.06203121550604471,0.03381035661033818,3,EDITORIAL_COMPROMISE,active,active ~ arm | lag_band=fast (<1y),47580,3660,830,13.031901840490846,,,fast (<1y),,0.0
k+4:EDITORIAL_COMPROMISE,-0.011656441717791961,0.01928924888024408,-0.604297336312064,0.5456459769695827,-0.04946336952307036,0.026150486087486435,4,EDITORIAL_COMPROMISE,active,active ~ arm | lag_band=fast (<1y),47580,3660,830,13.031901840490846,,,fast (<1y),,0.0
k+5:EDITORIAL_COMPROMISE,-0.0435582822085895,0.03189558516671132,-1.3656523929854172,0.17204809347659555,-0.10607362913534368,0.01895706471816469,5,EDITORIAL_COMPROMISE,active,active ~ arm | lag_band=fast (<1y),47580,3660,830,13.031901840490846,,,fast (<1y),,1.0
k+6:EDITORIAL_COMPROMISE,-0.055828220858896216,0.026192931443803313,-2.131423165775665,0.03305429608127475,-0.1071663664887507,-0.004490075229041726,6,EDITORIAL_COMPROMISE,active,active ~ arm | lag_band=fast (<1y),47580,3660,830,13.031901840490846,,,fast (<1y),,1.0
k-6:HONEST_ERROR,-0.14037985136250974,0.013167213824415599,-10.661317818216583,0.0,-0.16618759045836431,-0.11457211226665517,-6,HONEST_ERROR,active,active ~ arm | lag_band=fast (<1y),47580,3660,830,13.031901840490846,,,fast (<1y),,1.0
k-5:HONEST_ERROR,-0.09826589595375675,0.013180978410310622,-7.4551291182519295,8.970602038971265e-14,-0.12410061363796557,-0.07243117826954792,-5,HONEST_ERROR,active,active ~ arm | lag_band=fast (<1y),47580,3660,830,13.031901840490846,,,fast (<1y),,1.0
k-4:HONEST_ERROR,-0.08092485549132897,0.011350366916049627,-7.1297127299823,1.0058620603103918e-12,-0.10317157464678624,-0.0586781363358717,-4,HONEST_ERROR,active,active ~ arm | lag_band=fast (<1y),47580,3660,830,13.031901840490846,,,fast (<1y),,1.0
k-3:HONEST_ERROR,-0.028075970272501444,0.010309949247899023,-2.7231918991475936,0.006465449042399651,-0.04828347079838353,-0.00786846974661936,-3,HONEST_ERROR,active,active ~ arm | lag_band=fast (<1y),47580,3660,830,13.031901840490846,,,fast (<1y),,1.0
k+0:HONEST_ERROR,0.15028901734104094,0.009124496515872216,16.470938103774895,0.0,0.1324050041699314,0.1681730305121505,0,HONEST_ERROR,active,active ~ arm | lag_band=fast (<1y),47580,3660,830,13.031901840490846,,,fast (<1y),,1.0
k+1:HONEST_ERROR,0.020644095788604946,0.010840011315318017,1.9044348929260602,0.05685356847432277,-0.0006023263894183659,0.04189051796662826,1,HONEST_ERROR,active,active ~ arm | lag_band=fast (<1y),47580,3660,830,13.031901840490846,,,fast (<1y),,1.0
k+2:HONEST_ERROR,0.004954582989265561,0.010799092713011575,0.4587962267696711,0.6463805046123254,-0.016211638728237124,0.026120804706768246,2,HONEST_ERROR,active,active ~ arm | lag_band=fast (<1y),47580,3660,830,13.031901840490846,,,fast (<1y),,0.0
k+3:HONEST_ERROR,-0.0008257638315436883,0.011027852448519494,-0.0748798404221076,0.9403103165314974,-0.022440354630641896,0.02078882696755452,3,HONEST_ERROR,active,active ~ arm | lag_band=fast (<1y),47580,3660,830,13.031901840490846,,,fast (<1y),,0.0
k+4:HONEST_ERROR,-0.013212221304706333,0.0118398813290205,-1.115908254276343,0.2644614082133294,-0.03641838870958651,0.009993946100173848,4,HONEST_ERROR,active,active ~ arm | lag_band=fast (<1y),47580,3660,830,13.031901840490846,,,fast (<1y),,0.0
k+5:HONEST_ERROR,-0.018992568125515672,0.012998563794451837,-1.4611282004572113,0.14398026241922013,-0.044469753162641276,0.0064846169116099285,5,HONEST_ERROR,active,active ~ arm | lag_band=fast (<1y),47580,3660,830,13.031901840490846,,,fast (<1y),,0.0
k+6:HONEST_ERROR,-0.028901734104045753,0.013585840516998396,-2.127342365596324,0.033391647100669,-0.0555299815173626,-0.0022734866907288993,6,HONEST_ERROR,active,active ~ arm | lag_band=fast (<1y),47580,3660,830,13.031901840490846,,,fast (<1y),,1.0
k-6:AUTHOR_MISCONDUCT,-0.25486725663716864,0.008714289121975034,-29.247050800100688,0.0,-0.2719472633162397,-0.23778724995809758,-6,AUTHOR_MISCONDUCT,active,active ~ arm | lag_band=medium (1-3y),91741,7057,1151,16.480927449513903,,,medium (1-3y),,1.0
k-5:AUTHOR_MISCONDUCT,-0.2185840707964606,0.008226135034992964,-26.571904043226976,0.0,-0.23470729546504682,-0.2024608461278744,-5,AUTHOR_MISCONDUCT,active,active ~ arm | lag_band=medium (1-3y),91741,7057,1151,16.480927449513903,,,medium (1-3y),,1.0
k-4:AUTHOR_MISCONDUCT,-0.16548672566371714,0.008187217614256871,-20.212816302274124,0.0,-0.18153367218766062,-0.14943977913977366,-4,AUTHOR_MISCONDUCT,active,active ~ arm | lag_band=medium (1-3y),91741,7057,1151,16.480927449513903,,,medium (1-3y),,1.0
k-3:AUTHOR_MISCONDUCT,-0.1091445427728618,0.007173165735714086,-15.215672799730244,0.0,-0.1232039476148614,-0.09508513793086219,-3,AUTHOR_MISCONDUCT,active,active ~ arm | lag_band=medium (1-3y),91741,7057,1151,16.480927449513903,,,medium (1-3y),,1.0
k+0:AUTHOR_MISCONDUCT,-0.009439528023599299,0.007136550380303854,-1.3227017985680347,0.18593456519294138,-0.023427166768994853,0.004548110721796254,0,AUTHOR_MISCONDUCT,active,active ~ arm | lag_band=medium (1-3y),91741,7057,1151,16.480927449513903,,,medium (1-3y),,0.0
k+1:AUTHOR_MISCONDUCT,-0.11828908554572301,0.007025340170647531,-16.837488672782687,0.0,-0.13205875228019218,-0.10451941881125384,1,AUTHOR_MISCONDUCT,active,active ~ arm | lag_band=medium (1-3y),91741,7057,1151,16.480927449513903,,,medium (1-3y),,1.0
k+2:AUTHOR_MISCONDUCT,-0.13215339233038392,0.007525979217413439,-17.55962759299287,0.0,-0.14690431159651426,-0.11740247306425358,2,AUTHOR_MISCONDUCT,active,active ~ arm | lag_band=medium (1-3y),91741,7057,1151,16.480927449513903,,,medium (1-3y),,1.0
k+3:AUTHOR_MISCONDUCT,-0.14542772861356976,0.008025485249650128,-18.12073963003168,0.0,-0.161157679702884,-0.12969777752425551,3,AUTHOR_MISCONDUCT,active,active ~ arm | lag_band=medium (1-3y),91741,7057,1151,16.480927449513903,,,medium (1-3y),,1.0
k+4:AUTHOR_MISCONDUCT,-0.13746312684365822,0.008084235836515892,-17.003849173071806,0.0,-0.15330822908322936,-0.12161802460408708,4,AUTHOR_MISCONDUCT,active,active ~ arm | lag_band=medium (1-3y),91741,7057,1151,16.480927449513903,,,medium (1-3y),,1.0
k+5:AUTHOR_MISCONDUCT,-0.15103244837758156,0.00782568170011608,-19.29959001211885,0.0,-0.16637078450980908,-0.13569411224535405,5,AUTHOR_MISCONDUCT,active,active ~ arm | lag_band=medium (1-3y),91741,7057,1151,16.480927449513903,,,medium (1-3y),,1.0
k+6:AUTHOR_MISCONDUCT,-0.15368731563421872,0.008190814294309574,-18.763374447518643,0.0,-0.16974131165106549,-0.13763331961737196,6,AUTHOR_MISCONDUCT,active,active ~ arm | lag_band=medium (1-3y),91741,7057,1151,16.480927449513903,,,medium (1-3y),,1.0
k-6:EDITORIAL_COMPROMISE,-0.21802543006731484,0.012876612296730195,-16.931893656740666,0.0,-0.24326359016890603,-0.19278726996572365,-6,EDITORIAL_COMPROMISE,active,active ~ arm | lag_band=medium (1-3y),91741,7057,1151,16.480927449513903,,,medium (1-3y),,1.0
k-5:EDITORIAL_COMPROMISE,-0.18212415856394934,0.013418835370979503,-13.572277588100052,0.0,-0.20842507589106918,-0.1558232412368295,-5,EDITORIAL_COMPROMISE,active,active ~ arm | lag_band=medium (1-3y),91741,7057,1151,16.480927449513903,,,medium (1-3y),,1.0
k-4:EDITORIAL_COMPROMISE,-0.14173522812266265,0.013645959408520604,-10.386607777402773,0.0,-0.16848130856336302,-0.11498914768196226,-4,EDITORIAL_COMPROMISE,active,active ~ arm | lag_band=medium (1-3y),91741,7057,1151,16.480927449513903,,,medium (1-3y),,1.0
k-3:EDITORIAL_COMPROMISE,-0.1178010471204188,0.013250949338046731,-8.890008113017462,0.0,-0.1437729078229904,-0.09182918641784721,-3,EDITORIAL_COMPROMISE,active,active ~ arm | lag_band=medium (1-3y),91741,7057,1151,16.480927449513903,,,medium (1-3y),,1.0
k+0:EDITORIAL_COMPROMISE,-0.01533283470456244,0.012872414330051886,-1.191138997815388,0.23359902255766185,-0.04056276679146413,0.009897097382339255,0,EDITORIAL_COMPROMISE,active,active ~ arm | lag_band=medium (1-3y),91741,7057,1151,16.480927449513903,,,medium (1-3y),,0.0
k+1:EDITORIAL_COMPROMISE,-0.10209424083769635,0.014554893682549629,-7.014427110525768,2.3088198020104755e-12,-0.1306218324554936,-0.07356664921989907,1,EDITORIAL_COMPROMISE,active,active ~ arm | lag_band=medium (1-3y),91741,7057,1151,16.480927449513903,,,medium (1-3y),,1.0
k+2:EDITORIAL_COMPROMISE,-0.10882572924457745,0.01577840261372282,-6.897132232506816,5.306421968498398e-12,-0.1397513983674742,-0.07790006012168073,2,EDITORIAL_COMPROMISE,active,active ~ arm | lag_band=medium (1-3y),91741,7057,1151,16.480927449513903,,,medium (1-3y),,1.0
k+3:EDITORIAL_COMPROMISE,-0.10059835452505604,0.013143419258158736,-7.653895272541803,1.9539925233402755e-14,-0.12635945627104717,-0.07483725277906492,3,EDITORIAL_COMPROMISE,active,active ~ arm | lag_band=medium (1-3y),91741,7057,1151,16.480927449513903,,,medium (1-3y),,1.0
k+4:EDITORIAL_COMPROMISE,-0.09685863874345547,0.01522165031562357,-6.363215337041302,1.9757351310545346e-10,-0.12669307336207766,-0.06702420412483327,4,EDITORIAL_COMPROMISE,active,active ~ arm | lag_band=medium (1-3y),91741,7057,1151,16.480927449513903,,,medium (1-3y),,1.0
k+5:EDITORIAL_COMPROMISE,-0.10134629768137622,0.010321014822579437,-9.81941208529799,0.0,-0.12157548673363192,-0.08111710862912053,5,EDITORIAL_COMPROMISE,active,active ~ arm | lag_band=medium (1-3y),91741,7057,1151,16.480927449513903,,,medium (1-3y),,1.0
k+6:EDITORIAL_COMPROMISE,-0.11630516080777858,0.013763218542193801,-8.450433338046816,0.0,-0.14328106915047845,-0.08932925246507874,6,EDITORIAL_COMPROMISE,active,active ~ arm | lag_band=medium (1-3y),91741,7057,1151,16.480927449513903,,,medium (1-3y),,1.0
k-6:HONEST_ERROR,-0.2139484978540776,0.009575522076320052,-22.343272371870473,0.0,-0.2327165211236649,-0.1951804745844903,-6,HONEST_ERROR,active,active ~ arm | lag_band=medium (1-3y),91741,7057,1151,16.480927449513903,,,medium (1-3y),,1.0
k-5:HONEST_ERROR,-0.18733905579399177,0.009597903074210079,-19.51874845427214,0.0,-0.20615094581944352,-0.16852716576854002,-5,HONEST_ERROR,active,active ~ arm | lag_band=medium (1-3y),91741,7057,1151,16.480927449513903,,,medium (1-3y),,1.0
k-4:HONEST_ERROR,-0.14012875536480718,0.008484061724684645,-16.516706256049286,0.0,-0.15675751634518909,-0.12349999438442527,-4,HONEST_ERROR,active,active ~ arm | lag_band=medium (1-3y),91741,7057,1151,16.480927449513903,,,medium (1-3y),,1.0
k-3:HONEST_ERROR,-0.09420600858369138,0.007915967017763646,-11.900758097183898,0.0,-0.10972130393850812,-0.07869071322887464,-3,HONEST_ERROR,active,active ~ arm | lag_band=medium (1-3y),91741,7057,1151,16.480927449513903,,,medium (1-3y),,1.0
k+0:HONEST_ERROR,-0.00021459227467854336,0.008100689767116528,-0.026490617570573662,0.9788660170685615,-0.016091944218226937,0.01566275966886985,0,HONEST_ERROR,active,active ~ arm | lag_band=medium (1-3y),91741,7057,1151,16.480927449513903,,,medium (1-3y),,0.0
k+1:HONEST_ERROR,-0.08905579399141669,0.008742626643353357,-10.18638878501371,0.0,-0.10619134221238927,-0.07192024577044412,1,HONEST_ERROR,active,active ~ arm | lag_band=medium (1-3y),91741,7057,1151,16.480927449513903,,,medium (1-3y),,1.0
k+2:HONEST_ERROR,-0.09763948497854118,0.00866297699143642,-11.270892797598373,0.0,-0.11461891988175656,-0.0806600500753258,2,HONEST_ERROR,active,active ~ arm | lag_band=medium (1-3y),91741,7057,1151,16.480927449513903,,,medium (1-3y),,1.0
k+3:HONEST_ERROR,-0.1130901287553652,0.008560652442980312,-13.210456738971862,0.0,-0.1298690075436066,-0.09631124996712379,3,HONEST_ERROR,active,active ~ arm | lag_band=medium (1-3y),91741,7057,1151,16.480927449513903,,,medium (1-3y),,1.0
k+4:HONEST_ERROR,-0.1259656652360519,0.00909263205510081,-13.853597558188591,0.0,-0.14378722406404948,-0.10814410640805432,4,HONEST_ERROR,active,active ~ arm | lag_band=medium (1-3y),91741,7057,1151,16.480927449513903,,,medium (1-3y),,1.0
k+5:HONEST_ERROR,-0.12253218884120212,0.008900393728090357,-13.767052625377763,0.0,-0.13997696054825923,-0.10508741713414502,5,HONEST_ERROR,active,active ~ arm | lag_band=medium (1-3y),91741,7057,1151,16.480927449513903,,,medium (1-3y),,1.0
k+6:HONEST_ERROR,-0.14012875536480726,0.01033208166042724,-13.562490112860067,0.0,-0.16037963541924466,-0.11987787531036986,6,HONEST_ERROR,active,active ~ arm | lag_band=medium (1-3y),91741,7057,1151,16.480927449513903,,,medium (1-3y),,1.0
k-6:AUTHOR_MISCONDUCT,0.013281079904202006,0.007772622918097113,1.708699887303097,0.0875065550089027,-0.0019532610152683347,0.028515420823672345,-6,AUTHOR_MISCONDUCT,active,active ~ arm | lag_band=slow (3y+),85501,6577,879,47.31299524564199,,,slow (3y+),,0.0
k-5:AUTHOR_MISCONDUCT,0.03635967777052026,0.010345242935364525,3.5146277373755157,0.0004403708255804606,0.01608300161720579,0.05663635392383473,-5,AUTHOR_MISCONDUCT,active,active ~ arm | lag_band=slow (3y+),85501,6577,879,47.31299524564199,,,slow (3y+),,1.0
k-4:AUTHOR_MISCONDUCT,0.045068582625734696,0.007265894039754769,6.202758033511841,5.548210779693363e-10,0.03082743030781535,0.05930973494365405,-4,AUTHOR_MISCONDUCT,active,active ~ arm | lag_band=slow (3y+),85501,6577,879,47.31299524564199,,,slow (3y+),,1.0
k-3:AUTHOR_MISCONDUCT,0.06335728282168514,0.007207872040929355,8.790012150869995,0.0,0.0492298536214636,0.07748471202190667,-3,AUTHOR_MISCONDUCT,active,active ~ arm | lag_band=slow (3y+),85501,6577,879,47.31299524564199,,,slow (3y+),,1.0
k+0:AUTHOR_MISCONDUCT,0.10907903331156069,0.016804380278266338,6.4911071699940175,8.520784078314136e-11,0.07614244796615866,0.14201561865696272,0,AUTHOR_MISCONDUCT,active,active ~ arm | lag_band=slow (3y+),85501,6577,879,47.31299524564199,,,slow (3y+),,1.0
k+1:AUTHOR_MISCONDUCT,-0.03962551709122581,0.0065409767629646355,-6.058042785840126,1.3778773677586287e-09,-0.0524458315466365,-0.026805202635815123,1,AUTHOR_MISCONDUCT,active,active ~ arm | lag_band=slow (3y+),85501,6577,879,47.31299524564199,,,slow (3y+),,1.0
k+2:AUTHOR_MISCONDUCT,-0.046157195732636595,0.005587209572870792,-8.261225058883971,0.0,-0.057108126495463346,-0.035206264969809845,2,AUTHOR_MISCONDUCT,active,active ~ arm | lag_band=slow (3y+),85501,6577,879,47.31299524564199,,,slow (3y+),,1.0
k+3:AUTHOR_MISCONDUCT,-0.05965599825821898,0.006210162879623777,-9.606188986436544,0.0,-0.07182791750228158,-0.04748407901415638,3,AUTHOR_MISCONDUCT,active,active ~ arm | lag_band=slow (3y+),85501,6577,879,47.31299524564199,,,slow (3y+),,1.0
k+4:AUTHOR_MISCONDUCT,-0.057478772044415406,0.007255481665031337,-7.922116642019955,2.220446049250313e-15,-0.07169951610787682,-0.04325802798095399,4,AUTHOR_MISCONDUCT,active,active ~ arm | lag_band=slow (3y+),85501,6577,879,47.31299524564199,,,slow (3y+),,1.0
k+5:AUTHOR_MISCONDUCT,-0.07663836272588721,0.006256089706409443,-12.250202014745767,0.0,-0.08890029855044972,-0.06437642690132471,5,AUTHOR_MISCONDUCT,active,active ~ arm | lag_band=slow (3y+),85501,6577,879,47.31299524564199,,,slow (3y+),,1.0
k+6:AUTHOR_MISCONDUCT,-0.0779446984541694,0.006468319553871259,-12.050223834028092,0.0,-0.09062260477975707,-0.06526679212858173,6,AUTHOR_MISCONDUCT,active,active ~ arm | lag_band=slow (3y+),85501,6577,879,47.31299524564199,,,slow (3y+),,1.0
k-6:EDITORIAL_COMPROMISE,-0.04754358161648154,0.0641666323001447,-0.740939331116717,0.45873022647115524,-0.17331018092476513,0.07822301769180207,-6,EDITORIAL_COMPROMISE,active,active ~ arm | lag_band=slow (3y+),85501,6577,879,47.31299524564199,,,slow (3y+),,1.0
k-5:EDITORIAL_COMPROMISE,-0.03169572107765429,0.04183387637302278,-0.75765680414196,0.448656464642992,-0.11369011876877894,0.05029867661347035,-5,EDITORIAL_COMPROMISE,active,active ~ arm | lag_band=slow (3y+),85501,6577,879,47.31299524564199,,,slow (3y+),,1.0
k-4:EDITORIAL_COMPROMISE,0.03011093502377199,0.016504236026807808,1.8244367673161508,0.06808606774004455,-0.0022373675887713135,0.06245923763631529,-4,EDITORIAL_COMPROMISE,active,active ~ arm | lag_band=slow (3y+),85501,6577,879,47.31299524564199,,,slow (3y+),,1.0
k-3:EDITORIAL_COMPROMISE,0.10142630744849478,0.019501143716496586,5.201044047621438,1.9817212448813848e-07,0.06320406576416146,0.1396485491328281,-3,EDITORIAL_COMPROMISE,active,active ~ arm | lag_band=slow (3y+),85501,6577,879,47.31299524564199,,,slow (3y+),,1.0
k+0:EDITORIAL_COMPROMISE,0.022187004754358412,0.019785491196349116,1.121377505070606,0.2621272071973384,-0.016592557990485854,0.06096656749920268,0,EDITORIAL_COMPROMISE,active,active ~ arm | lag_band=slow (3y+),85501,6577,879,47.31299524564199,,,slow (3y+),,1.0
k+1:EDITORIAL_COMPROMISE,-0.03169572107765428,0.012684595786761892,-2.4987568867376204,0.012462977753675109,-0.05655752881970759,-0.006833913335600975,1,EDITORIAL_COMPROMISE,active,active ~ arm | lag_band=slow (3y+),85501,6577,879,47.31299524564199,,,slow (3y+),,1.0
k+2:EDITORIAL_COMPROMISE,-0.03328050713153702,0.013696274824192362,-2.4298948114528285,0.015103205427025923,-0.060125205786954045,-0.006435808476119992,2,EDITORIAL_COMPROMISE,active,active ~ arm | lag_band=slow (3y+),85501,6577,879,47.31299524564199,,,slow (3y+),,1.0
k+3:EDITORIAL_COMPROMISE,-0.028526148969888858,0.0173379963398414,-1.6452967465645343,0.0999086304550425,-0.06250862179597799,0.005456323856200283,3,EDITORIAL_COMPROMISE,active,active ~ arm | lag_band=slow (3y+),85501,6577,879,47.31299524564199,,,slow (3y+),,1.0
k+4:EDITORIAL_COMPROMISE,-0.05388272583201245,0.019966935703423352,-2.698597653258041,0.006963230526970676,-0.09301791981072222,-0.01474753185330268,4,EDITORIAL_COMPROMISE,active,active ~ arm | lag_band=slow (3y+),85501,6577,879,47.31299524564199,,,slow (3y+),,1.0
k+5:EDITORIAL_COMPROMISE,-0.044374009508716096,0.020207715247334525,-2.1958944376242235,0.0280994999635642,-0.08398113139349177,-0.0047668876239404245,5,EDITORIAL_COMPROMISE,active,active ~ arm | lag_band=slow (3y+),85501,6577,879,47.31299524564199,,,slow (3y+),,1.0
k+6:EDITORIAL_COMPROMISE,-0.0522979397781297,0.020344179706491532,-2.570658563414193,0.010150534735178462,-0.09217253200285311,-0.012423347553406301,6,EDITORIAL_COMPROMISE,active,active ~ arm | lag_band=slow (3y+),85501,6577,879,47.31299524564199,,,slow (3y+),,1.0
k-6:HONEST_ERROR,0.007760532150776281,0.015759369102132156,0.4924392658413162,0.6224088468179731,-0.023127831289402743,0.0386488955909553,-6,HONEST_ERROR,active,active ~ arm | lag_band=slow (3y+),85501,6577,879,47.31299524564199,,,slow (3y+),,0.0
k-5:HONEST_ERROR,0.035846267553584873,0.014444716469674232,2.48161794167728,0.013078742056785497,0.007534623273023379,0.06415791183414637,-5,HONEST_ERROR,active,active ~ arm | lag_band=slow (3y+),85501,6577,879,47.31299524564199,,,slow (3y+),,1.0
k-4:HONEST_ERROR,0.05580192165558043,0.013798924836874787,4.043932575562791,5.256204079295834e-05,0.028756028975305846,0.082847814335855,-4,HONEST_ERROR,active,active ~ arm | lag_band=slow (3y+),85501,6577,879,47.31299524564199,,,slow (3y+),,1.0
k-3:HONEST_ERROR,0.08758314855875851,0.01576391232272575,5.555927156007833,2.76142022581638e-08,0.05668588040621604,0.11848041671130098,-3,HONEST_ERROR,active,active ~ arm | lag_band=slow (3y+),85501,6577,879,47.31299524564199,,,slow (3y+),,1.0
k+0:HONEST_ERROR,0.12675535846267577,0.017344381288860216,7.308151057777252,2.708944180085382e-13,0.09276037113650976,0.1607503457888418,0,HONEST_ERROR,active,active ~ arm | lag_band=slow (3y+),85501,6577,879,47.31299524564199,,,slow (3y+),,1.0
k+1:HONEST_ERROR,-0.02106430155210611,0.01178471111424102,-1.7874262124806217,0.07386862816615491,-0.04416233533601851,0.002033732231806286,1,HONEST_ERROR,active,active ~ arm | lag_band=slow (3y+),85501,6577,879,47.31299524564199,,,slow (3y+),,1.0
k+2:HONEST_ERROR,-0.03880266075388,0.011732449188952046,-3.3072941658608537,0.0009420191261901856,-0.061798261164226015,-0.015807060343533994,2,HONEST_ERROR,active,active ~ arm | lag_band=slow (3y+),85501,6577,879,47.31299524564199,,,slow (3y+),,1.0
k+3:HONEST_ERROR,-0.06023651145602341,0.012285642287124893,-4.903000596000591,9.438369787950762e-07,-0.08431637033878821,-0.03615665257325862,3,HONEST_ERROR,active,active ~ arm | lag_band=slow (3y+),85501,6577,879,47.31299524564199,,,slow (3y+),,1.0
k+4:HONEST_ERROR,-0.07649667405764947,0.012737761674005879,-6.005503636777665,1.9073889134801902e-09,-0.10146268693870099,-0.05153066117659795,4,HONEST_ERROR,active,active ~ arm | lag_band=slow (3y+),85501,6577,879,47.31299524564199,,,slow (3y+),,1.0
k+5:HONEST_ERROR,-0.07132298595713207,0.011528425276153418,-6.1867067052656255,6.143410224979107e-10,-0.09391869949839277,-0.048727272415871374,5,HONEST_ERROR,active,active ~ arm | lag_band=slow (3y+),85501,6577,879,47.31299524564199,,,slow (3y+),,1.0
k+6:HONEST_ERROR,-0.08610495195861029,0.013253784874909868,-6.4966311714936325,8.213851820926266e-11,-0.11208237031343363,-0.06012753360378695,6,HONEST_ERROR,active,active ~ arm | lag_band=slow (3y+),85501,6577,879,47.31299524564199,,,slow (3y+),,1.0
