term,coef,se,p,event_time,arm,n_authors,n_obs,split,subgroup,outcome,table,vs_subgroup,diff_in_diff,z
k-3:AUTHOR_MISCONDUCT,0.04783225762849212,0.05581162262035086,0.39142808037784005,-3,AUTHOR_MISCONDUCT,1074.0,10740.0,career_band,early (<5y),active,subgroup_contrast,,,
k+0:AUTHOR_MISCONDUCT,0.03691751427702425,0.056288082697228535,0.5119094929712409,0,AUTHOR_MISCONDUCT,1074.0,10740.0,career_band,early (<5y),active,subgroup_contrast,,,
k+1:AUTHOR_MISCONDUCT,-0.11798398269861256,0.05719662224545325,0.039133644311679205,1,AUTHOR_MISCONDUCT,1074.0,10740.0,career_band,early (<5y),active,subgroup_contrast,,,
k+2:AUTHOR_MISCONDUCT,-0.0788868989288026,0.050706013646897204,0.11976277516397982,2,AUTHOR_MISCONDUCT,1074.0,10740.0,career_band,early (<5y),active,subgroup_contrast,,,
k+3:AUTHOR_MISCONDUCT,-0.06386645490487824,0.07178878221928747,0.3736571056648659,3,AUTHOR_MISCONDUCT,1074.0,10740.0,career_band,early (<5y),active,subgroup_contrast,,,
k+4:AUTHOR_MISCONDUCT,-0.02409353563342846,0.06336260745890346,0.703760969860356,4,AUTHOR_MISCONDUCT,1074.0,10740.0,career_band,early (<5y),active,subgroup_contrast,,,
k+5:AUTHOR_MISCONDUCT,-0.08110026019667128,0.06228165810336963,0.19286402105599976,5,AUTHOR_MISCONDUCT,1074.0,10740.0,career_band,early (<5y),active,subgroup_contrast,,,
k+6:AUTHOR_MISCONDUCT,-0.04474031020849832,0.06118952421760922,0.46467167104636786,6,AUTHOR_MISCONDUCT,1074.0,10740.0,career_band,early (<5y),active,subgroup_contrast,,,
k-3:HONEST_ERROR,-0.02456207159177639,0.05759930193412597,0.669794529019252,-3,HONEST_ERROR,1074.0,10740.0,career_band,early (<5y),active,subgroup_contrast,,,
k+0:HONEST_ERROR,0.07216298552932127,0.06084036235787606,0.2355813065338479,0,HONEST_ERROR,1074.0,10740.0,career_band,early (<5y),active,subgroup_contrast,,,
k+1:HONEST_ERROR,-0.05495741881880605,0.060920440398999076,0.3669942493287155,1,HONEST_ERROR,1074.0,10740.0,career_band,early (<5y),active,subgroup_contrast,,,
k+2:HONEST_ERROR,-0.06343903621131539,0.057751601651559556,0.2719945167611524,2,HONEST_ERROR,1074.0,10740.0,career_band,early (<5y),active,subgroup_contrast,,,
k+3:HONEST_ERROR,-0.032559025133284604,0.07516032775881566,0.6648736237370316,3,HONEST_ERROR,1074.0,10740.0,career_band,early (<5y),active,subgroup_contrast,,,
k+4:HONEST_ERROR,-0.05734611922730895,0.06793053492900948,0.3985645498475403,4,HONEST_ERROR,1074.0,10740.0,career_band,early (<5y),active,subgroup_contrast,,,
k+5:HONEST_ERROR,-0.07655957903482989,0.06811543504606436,0.2610265409064283,5,HONEST_ERROR,1074.0,10740.0,career_band,early (<5y),active,subgroup_contrast,,,
k+6:HONEST_ERROR,-0.06638163816381959,0.06524386349748906,0.3089447322930823,6,HONEST_ERROR,1074.0,10740.0,career_band,early (<5y),active,subgroup_contrast,,,
k-3:AUTHOR_MISCONDUCT,0.19732707059100968,0.3243334835113222,0.5429169384695578,-3,AUTHOR_MISCONDUCT,1074.0,10740.0,career_band,early (<5y),publications,subgroup_contrast,,,
k+0:AUTHOR_MISCONDUCT,-1.0395363768458767,0.8323093125390364,0.2116729639941215,0,AUTHOR_MISCONDUCT,1074.0,10740.0,career_band,early (<5y),publications,subgroup_contrast,,,
k+1:AUTHOR_MISCONDUCT,-0.9916027438921396,0.41784398722043403,0.017637524186330467,1,AUTHOR_MISCONDUCT,1074.0,10740.0,career_band,early (<5y),publications,subgroup_contrast,,,
k+2:AUTHOR_MISCONDUCT,-0.6117662960835385,0.2917041220062762,0.035974536369385746,2,AUTHOR_MISCONDUCT,1074.0,10740.0,career_band,early (<5y),publications,subgroup_contrast,,,
k+3:AUTHOR_MISCONDUCT,-0.7775487446355686,0.44089963625692086,0.07780769909459462,3,AUTHOR_MISCONDUCT,1074.0,10740.0,career_band,early (<5y),publications,subgroup_contrast,,,
k+4:AUTHOR_MISCONDUCT,-0.3051228331024263,0.4001119466437111,0.4457057678481693,4,AUTHOR_MISCONDUCT,1074.0,10740.0,career_band,early (<5y),publications,subgroup_contrast,,,
k+5:AUTHOR_MISCONDUCT,-0.6327003007468069,0.4983178324975797,0.2042014178593654,5,AUTHOR_MISCONDUCT,1074.0,10740.0,career_band,early (<5y),publications,subgroup_contrast,,,
k+6:AUTHOR_MISCONDUCT,-0.6103132497550166,0.3876557695791724,0.11540215230822626,6,AUTHOR_MISCONDUCT,1074.0,10740.0,career_band,early (<5y),publications,subgroup_contrast,,,
k-3:HONEST_ERROR,0.17530983867617106,0.4334809250398349,0.6859013802153799,-3,HONEST_ERROR,1074.0,10740.0,career_band,early (<5y),publications,subgroup_contrast,,,
k+0:HONEST_ERROR,-0.5443813612130424,0.8506342472740201,0.5221913680669701,0,HONEST_ERROR,1074.0,10740.0,career_band,early (<5y),publications,subgroup_contrast,,,
k+1:HONEST_ERROR,-1.0079277158485092,0.4652251952561251,0.0302701564629948,1,HONEST_ERROR,1074.0,10740.0,career_band,early (<5y),publications,subgroup_contrast,,,
k+2:HONEST_ERROR,-0.44028248978744333,0.38569887439906786,0.2536541216470889,2,HONEST_ERROR,1074.0,10740.0,career_band,early (<5y),publications,subgroup_contrast,,,
k+3:HONEST_ERROR,-0.6374022017586465,0.49691655385577405,0.19959202430885448,3,HONEST_ERROR,1074.0,10740.0,career_band,early (<5y),publications,subgroup_contrast,,,
k+4:HONEST_ERROR,-0.6043065845046056,0.4602024305548769,0.18913843861533453,4,HONEST_ERROR,1074.0,10740.0,career_band,early (<5y),publications,subgroup_contrast,,,
k+5:HONEST_ERROR,-0.4587343349719648,0.5564017956282068,0.4096748553921139,5,HONEST_ERROR,1074.0,10740.0,career_band,early (<5y),publications,subgroup_contrast,,,
k+6:HONEST_ERROR,-0.43460499896143906,0.47222194882813984,0.35739483512483794,6,HONEST_ERROR,1074.0,10740.0,career_band,early (<5y),publications,subgroup_contrast,,,
k-3:AUTHOR_MISCONDUCT,0.04359096188364195,0.03222526178828112,0.17615297549844122,-3,AUTHOR_MISCONDUCT,2810.0,28100.0,career_band,mid (5-10y),active,subgroup_contrast,,,
k+0:AUTHOR_MISCONDUCT,0.05588902966951771,0.029031603026037082,0.054215596591429716,0,AUTHOR_MISCONDUCT,2810.0,28100.0,career_band,mid (5-10y),active,subgroup_contrast,,,
k+1:AUTHOR_MISCONDUCT,-0.045491500369551505,0.029216603763116075,0.11946034164002994,1,AUTHOR_MISCONDUCT,2810.0,28100.0,career_band,mid (5-10y),active,subgroup_contrast,,,
k+2:AUTHOR_MISCONDUCT,-0.03134568683349353,0.03247052878535622,0.33436549794900916,2,AUTHOR_MISCONDUCT,2810.0,28100.0,career_band,mid (5-10y),active,subgroup_contrast,,,
k+3:AUTHOR_MISCONDUCT,-0.056680920705313394,0.032007716090808117,0.07658535431280722,3,AUTHOR_MISCONDUCT,2810.0,28100.0,career_band,mid (5-10y),active,subgroup_contrast,,,
k+4:AUTHOR_MISCONDUCT,-0.07177172421075104,0.029769858394768964,0.015913837301199107,4,AUTHOR_MISCONDUCT,2810.0,28100.0,career_band,mid (5-10y),active,subgroup_contrast,,,
k+5:AUTHOR_MISCONDUCT,-0.04796220040122653,0.031848178812637545,0.13207649894748252,5,AUTHOR_MISCONDUCT,2810.0,28100.0,career_band,mid (5-10y),active,subgroup_contrast,,,
k+6:AUTHOR_MISCONDUCT,-0.04268820610284262,0.02717615839651077,0.11622999705444981,6,AUTHOR_MISCONDUCT,2810.0,28100.0,career_band,mid (5-10y),active,subgroup_contrast,,,
k-3:HONEST_ERROR,0.03054149240589683,0.03516168904320281,0.38506518728160444,-3,HONEST_ERROR,2810.0,28100.0,career_band,mid (5-10y),active,subgroup_contrast,,,
k+0:HONEST_ERROR,0.06256878714505877,0.03064248374572089,0.04116177691400735,0,HONEST_ERROR,2810.0,28100.0,career_band,mid (5-10y),active,subgroup_contrast,,,
k+1:HONEST_ERROR,-0.02413970210580584,0.030967607775119484,0.4356766459384316,1,HONEST_ERROR,2810.0,28100.0,career_band,mid (5-10y),active,subgroup_contrast,,,
k+2:HONEST_ERROR,-0.005594687798079001,0.03423538219402807,0.8701890989237422,2,HONEST_ERROR,2810.0,28100.0,career_band,mid (5-10y),active,subgroup_contrast,,,
k+3:HONEST_ERROR,-0.02753320126201683,0.034221050448815134,0.42106835402661114,3,HONEST_ERROR,2810.0,28100.0,career_band,mid (5-10y),active,subgroup_contrast,,,
k+4:HONEST_ERROR,-0.06942915841221117,0.031681868500637214,0.028419409238587656,4,HONEST_ERROR,2810.0,28100.0,career_band,mid (5-10y),active,subgroup_contrast,,,
k+5:HONEST_ERROR,-0.00607161200381693,0.03458984127545229,0.8606619016447838,5,HONEST_ERROR,2810.0,28100.0,career_band,mid (5-10y),active,subgroup_contrast,,,
k+6:HONEST_ERROR,-0.019352116809745752,0.03007768676348104,0.5199617117824795,6,HONEST_ERROR,2810.0,28100.0,career_band,mid (5-10y),active,subgroup_contrast,,,
k-3:AUTHOR_MISCONDUCT,0.4180339985218102,0.2018572309945302,0.03836450324874008,-3,AUTHOR_MISCONDUCT,2810.0,28100.0,career_band,mid (5-10y),publications,subgroup_contrast,,,
k+0:AUTHOR_MISCONDUCT,-0.9997465948685291,0.42576577718830744,0.018868743733079896,0,AUTHOR_MISCONDUCT,2810.0,28100.0,career_band,mid (5-10y),publications,subgroup_contrast,,,
k+1:AUTHOR_MISCONDUCT,-1.2906213704994083,0.5566507626881876,0.020419571288205596,1,AUTHOR_MISCONDUCT,2810.0,28100.0,career_band,mid (5-10y),publications,subgroup_contrast,,,
k+2:AUTHOR_MISCONDUCT,-0.7154101995565273,0.3729247207192943,0.05506322777919692,2,AUTHOR_MISCONDUCT,2810.0,28100.0,career_band,mid (5-10y),publications,subgroup_contrast,,,
k+3:AUTHOR_MISCONDUCT,-0.6808626333016377,0.30960360978606444,0.027867750760948606,3,AUTHOR_MISCONDUCT,2810.0,28100.0,career_band,mid (5-10y),publications,subgroup_contrast,,,
k+4:AUTHOR_MISCONDUCT,-0.6104925562242466,0.39411583803993144,0.12137737541498739,4,AUTHOR_MISCONDUCT,2810.0,28100.0,career_band,mid (5-10y),publications,subgroup_contrast,,,
k+5:AUTHOR_MISCONDUCT,-0.5889847956920968,0.4369782454459447,0.17770393246567262,5,AUTHOR_MISCONDUCT,2810.0,28100.0,career_band,mid (5-10y),publications,subgroup_contrast,,,
k+6:AUTHOR_MISCONDUCT,0.006559497413169801,0.5845640344448982,0.9910469827556883,6,AUTHOR_MISCONDUCT,2810.0,28100.0,career_band,mid (5-10y),publications,subgroup_contrast,,,
k-3:HONEST_ERROR,0.2593733949666227,0.2730498669305189,0.34215687625358915,-3,HONEST_ERROR,2810.0,28100.0,career_band,mid (5-10y),publications,subgroup_contrast,,,
k+0:HONEST_ERROR,-0.7674260767480914,0.46322939009757436,0.09758278655096397,0,HONEST_ERROR,2810.0,28100.0,career_band,mid (5-10y),publications,subgroup_contrast,,,
k+1:HONEST_ERROR,-1.077885391444702,0.5900998381560332,0.06775763168065296,1,HONEST_ERROR,2810.0,28100.0,career_band,mid (5-10y),publications,subgroup_contrast,,,
k+2:HONEST_ERROR,-0.2910888546481602,0.4191720188484455,0.4874077550375744,2,HONEST_ERROR,2810.0,28100.0,career_band,mid (5-10y),publications,subgroup_contrast,,,
k+3:HONEST_ERROR,-0.22287034998897332,0.36043837023148484,0.5363569296877468,3,HONEST_ERROR,2810.0,28100.0,career_band,mid (5-10y),publications,subgroup_contrast,,,
k+4:HONEST_ERROR,-0.4079536282925921,0.4361734552550323,0.3496330118012836,4,HONEST_ERROR,2810.0,28100.0,career_band,mid (5-10y),publications,subgroup_contrast,,,
k+5:HONEST_ERROR,-0.40358793748622507,0.4693847617607011,0.38988647376037777,5,HONEST_ERROR,2810.0,28100.0,career_band,mid (5-10y),publications,subgroup_contrast,,,
k+6:HONEST_ERROR,-0.18168977914739293,0.5509779086479341,0.7415822681924151,6,HONEST_ERROR,2810.0,28100.0,career_band,mid (5-10y),publications,subgroup_contrast,,,
k-3:AUTHOR_MISCONDUCT,0.038563928672345774,0.015092821897390453,0.01061520524120052,-3,AUTHOR_MISCONDUCT,5585.0,55850.0,career_band,senior (10-20y),active,subgroup_contrast,,,
k+0:AUTHOR_MISCONDUCT,0.06037046951917775,0.025578542668439282,0.018265098135709312,0,AUTHOR_MISCONDUCT,5585.0,55850.0,career_band,senior (10-20y),active,subgroup_contrast,,,
k+1:AUTHOR_MISCONDUCT,0.006027008135157844,0.02044720904702901,0.7681776434565297,1,AUTHOR_MISCONDUCT,5585.0,55850.0,career_band,senior (10-20y),active,subgroup_contrast,,,
k+2:AUTHOR_MISCONDUCT,-0.005497012691499749,0.014802974656581671,0.7103804810199452,2,AUTHOR_MISCONDUCT,5585.0,55850.0,career_band,senior (10-20y),active,subgroup_contrast,,,
k+3:AUTHOR_MISCONDUCT,-0.018291264944994976,0.01405292803033723,0.1930537969903754,3,AUTHOR_MISCONDUCT,5585.0,55850.0,career_band,senior (10-20y),active,subgroup_contrast,,,
k+4:AUTHOR_MISCONDUCT,-0.010264943640664975,0.013094550153234819,0.43309315331285836,4,AUTHOR_MISCONDUCT,5585.0,55850.0,career_band,senior (10-20y),active,subgroup_contrast,,,
k+5:AUTHOR_MISCONDUCT,-0.033698651621287434,0.012690208119006048,0.007919456070148767,5,AUTHOR_MISCONDUCT,5585.0,55850.0,career_band,senior (10-20y),active,subgroup_contrast,,,
k+6:AUTHOR_MISCONDUCT,-0.007292845467121313,0.013853402681088731,0.5985895417029425,6,AUTHOR_MISCONDUCT,5585.0,55850.0,career_band,senior (10-20y),active,subgroup_contrast,,,
k-3:HONEST_ERROR,0.03878678829618642,0.016890609195654258,0.021655749289406945,-3,HONEST_ERROR,5585.0,55850.0,career_band,senior (10-20y),active,subgroup_contrast,,,
k+0:HONEST_ERROR,0.06151479017838014,0.02378928766575043,0.009714795269298415,0,HONEST_ERROR,5585.0,55850.0,career_band,senior (10-20y),active,subgroup_contrast,,,
k+1:HONEST_ERROR,0.015069566240319725,0.019616246772105096,0.4423573065769717,1,HONEST_ERROR,5585.0,55850.0,career_band,senior (10-20y),active,subgroup_contrast,,,
k+2:HONEST_ERROR,0.005262918680752838,0.016346278867755366,0.7474797193414953,2,HONEST_ERROR,5585.0,55850.0,career_band,senior (10-20y),active,subgroup_contrast,,,
k+3:HONEST_ERROR,-0.010561930530010446,0.01482027534936666,0.47605145063660537,3,HONEST_ERROR,5585.0,55850.0,career_band,senior (10-20y),active,subgroup_contrast,,,
k+4:HONEST_ERROR,-0.01585826881122668,0.015096880935113485,0.29351887064539706,4,HONEST_ERROR,5585.0,55850.0,career_band,senior (10-20y),active,subgroup_contrast,,,
k+5:HONEST_ERROR,-0.01911200111220605,0.014284613982555552,0.18091497678174662,5,HONEST_ERROR,5585.0,55850.0,career_band,senior (10-20y),active,subgroup_contrast,,,
k+6:HONEST_ERROR,-0.010465682080679703,0.015090266607581067,0.4879716230341118,6,HONEST_ERROR,5585.0,55850.0,career_band,senior (10-20y),active,subgroup_contrast,,,
k-3:AUTHOR_MISCONDUCT,0.303742315404084,0.2151064878719147,0.15793359806783913,-3,AUTHOR_MISCONDUCT,5585.0,55850.0,career_band,senior (10-20y),publications,subgroup_contrast,,,
k+0:AUTHOR_MISCONDUCT,-0.2561836745178673,0.3581189271700533,0.47438710750570623,0,AUTHOR_MISCONDUCT,5585.0,55850.0,career_band,senior (10-20y),publications,subgroup_contrast,,,
k+1:AUTHOR_MISCONDUCT,-0.2811434854501128,0.317033217109606,0.37518925680908843,1,AUTHOR_MISCONDUCT,5585.0,55850.0,career_band,senior (10-20y),publications,subgroup_contrast,,,
k+2:AUTHOR_MISCONDUCT,-0.491914696422097,0.2860235352358262,0.08546154239768877,2,AUTHOR_MISCONDUCT,5585.0,55850.0,career_band,senior (10-20y),publications,subgroup_contrast,,,
k+3:AUTHOR_MISCONDUCT,-0.4477567469636531,0.3709015172979558,0.22735052637498465,3,AUTHOR_MISCONDUCT,5585.0,55850.0,career_band,senior (10-20y),publications,subgroup_contrast,,,
k+4:AUTHOR_MISCONDUCT,-0.28294236029141884,0.3311524525364295,0.39287385402982,4,AUTHOR_MISCONDUCT,5585.0,55850.0,career_band,senior (10-20y),publications,subgroup_contrast,,,
k+5:AUTHOR_MISCONDUCT,-0.5771229562388407,0.4345563032008277,0.18415364014140434,5,AUTHOR_MISCONDUCT,5585.0,55850.0,career_band,senior (10-20y),publications,subgroup_contrast,,,
k+6:AUTHOR_MISCONDUCT,-0.4198498503979381,0.5927389433501878,0.4787455102419349,6,AUTHOR_MISCONDUCT,5585.0,55850.0,career_band,senior (10-20y),publications,subgroup_contrast,,,
k-3:HONEST_ERROR,0.33612498395859786,0.24069193163388167,0.1625656041396919,-3,HONEST_ERROR,5585.0,55850.0,career_band,senior (10-20y),publications,subgroup_contrast,,,
k+0:HONEST_ERROR,0.14033692304404918,0.353479046023258,0.6913554822668431,0,HONEST_ERROR,5585.0,55850.0,career_band,senior (10-20y),publications,subgroup_contrast,,,
k+1:HONEST_ERROR,-0.03663456602641374,0.32165957343294355,0.909323126698564,1,HONEST_ERROR,5585.0,55850.0,career_band,senior (10-20y),publications,subgroup_contrast,,,
k+2:HONEST_ERROR,-0.012051107926568189,0.3131899848941688,0.9693061043307729,2,HONEST_ERROR,5585.0,55850.0,career_band,senior (10-20y),publications,subgroup_contrast,,,
k+3:HONEST_ERROR,-0.07084821619538104,0.39393609113105904,0.8572727004015785,3,HONEST_ERROR,5585.0,55850.0,career_band,senior (10-20y),publications,subgroup_contrast,,,
k+4:HONEST_ERROR,-0.2284817876545113,0.3350792529708562,0.49531870804579525,4,HONEST_ERROR,5585.0,55850.0,career_band,senior (10-20y),publications,subgroup_contrast,,,
k+5:HONEST_ERROR,-0.05853910895321618,0.47216011174487166,0.9013299395686536,5,HONEST_ERROR,5585.0,55850.0,career_band,senior (10-20y),publications,subgroup_contrast,,,
k+6:HONEST_ERROR,-0.11771319031523694,0.6167425716029765,0.8486331158538518,6,HONEST_ERROR,5585.0,55850.0,career_band,senior (10-20y),publications,subgroup_contrast,,,
k-3:AUTHOR_MISCONDUCT,0.03731898211305792,0.01383939372758001,0.007005633110939602,-3,AUTHOR_MISCONDUCT,7825.0,78250.0,career_band,veteran (20y+),active,subgroup_contrast,,,
k+0:AUTHOR_MISCONDUCT,0.018666201914698404,0.013229539712620067,0.15825973968866824,0,AUTHOR_MISCONDUCT,7825.0,78250.0,career_band,veteran (20y+),active,subgroup_contrast,,,
k+1:AUTHOR_MISCONDUCT,-0.009217313613427182,0.010601969608198834,0.3846303822710504,1,AUTHOR_MISCONDUCT,7825.0,78250.0,career_band,veteran (20y+),active,subgroup_contrast,,,
k+2:AUTHOR_MISCONDUCT,0.009001965179659756,0.013770227489150778,0.5132879073613217,2,AUTHOR_MISCONDUCT,7825.0,78250.0,career_band,veteran (20y+),active,subgroup_contrast,,,
k+3:AUTHOR_MISCONDUCT,-0.005977671873091908,0.013247447732893632,0.6518223737166731,3,AUTHOR_MISCONDUCT,7825.0,78250.0,career_band,veteran (20y+),active,subgroup_contrast,,,
k+4:AUTHOR_MISCONDUCT,-0.0032757000827349746,0.0156883081545727,0.8346052998895479,4,AUTHOR_MISCONDUCT,7825.0,78250.0,career_band,veteran (20y+),active,subgroup_contrast,,,
k+5:AUTHOR_MISCONDUCT,-0.00043169848815505923,0.013897794969266618,0.9752197973508487,5,AUTHOR_MISCONDUCT,7825.0,78250.0,career_band,veteran (20y+),active,subgroup_contrast,,,
k+6:AUTHOR_MISCONDUCT,-0.005469649893529134,0.015106729539675602,0.7173018816063053,6,AUTHOR_MISCONDUCT,7825.0,78250.0,career_band,veteran (20y+),active,subgroup_contrast,,,
k-3:HONEST_ERROR,0.0148489642101219,0.0147924280587266,0.3154644348449449,-3,HONEST_ERROR,7825.0,78250.0,career_band,veteran (20y+),active,subgroup_contrast,,,
k+0:HONEST_ERROR,-0.00031250691386919467,0.01122563660965923,0.9777908151253096,0,HONEST_ERROR,7825.0,78250.0,career_band,veteran (20y+),active,subgroup_contrast,,,
k+1:HONEST_ERROR,-0.004100570071609914,0.011328106084835704,0.7173655096003668,1,HONEST_ERROR,7825.0,78250.0,career_band,veteran (20y+),active,subgroup_contrast,,,
k+2:HONEST_ERROR,0.006569282506249103,0.014052395342387464,0.6401529993525819,2,HONEST_ERROR,7825.0,78250.0,career_band,veteran (20y+),active,subgroup_contrast,,,
k+3:HONEST_ERROR,-0.00835103283996073,0.013746636664607698,0.5435215042762627,3,HONEST_ERROR,7825.0,78250.0,career_band,veteran (20y+),active,subgroup_contrast,,,
k+4:HONEST_ERROR,-0.010354395746219663,0.016080458222582156,0.5196326719919862,4,HONEST_ERROR,7825.0,78250.0,career_band,veteran (20y+),active,subgroup_contrast,,,
k+5:HONEST_ERROR,0.0010831729315534974,0.014157469359298128,0.9390142041049241,5,HONEST_ERROR,7825.0,78250.0,career_band,veteran (20y+),active,subgroup_contrast,,,
k+6:HONEST_ERROR,-0.009096255816870433,0.01567018013050614,0.5615896942947445,6,HONEST_ERROR,7825.0,78250.0,career_band,veteran (20y+),active,subgroup_contrast,,,
k-3:AUTHOR_MISCONDUCT,0.6308673433615521,0.22712624136555762,0.005476087690829745,-3,AUTHOR_MISCONDUCT,7825.0,78250.0,career_band,veteran (20y+),publications,subgroup_contrast,,,
k+0:AUTHOR_MISCONDUCT,-0.19398767205337464,0.2702619882677191,0.472895178356902,0,AUTHOR_MISCONDUCT,7825.0,78250.0,career_band,veteran (20y+),publications,subgroup_contrast,,,
k+1:AUTHOR_MISCONDUCT,0.21834788688097387,0.30899296092782697,0.47978800985829895,1,AUTHOR_MISCONDUCT,7825.0,78250.0,career_band,veteran (20y+),publications,subgroup_contrast,,,
k+2:AUTHOR_MISCONDUCT,-0.040130931847730145,0.35651187898996206,0.9103750516605873,2,AUTHOR_MISCONDUCT,7825.0,78250.0,career_band,veteran (20y+),publications,subgroup_contrast,,,
k+3:AUTHOR_MISCONDUCT,-0.3792119649593022,0.5101949684123064,0.45731900089391786,3,AUTHOR_MISCONDUCT,7825.0,78250.0,career_band,veteran (20y+),publications,subgroup_contrast,,,
k+4:AUTHOR_MISCONDUCT,0.30832306672196985,0.6704645881347371,0.6456132642491572,4,AUTHOR_MISCONDUCT,7825.0,78250.0,career_band,veteran (20y+),publications,subgroup_contrast,,,
k+5:AUTHOR_MISCONDUCT,0.9885612921707403,0.738460850552922,0.18067552230731332,5,AUTHOR_MISCONDUCT,7825.0,78250.0,career_band,veteran (20y+),publications,subgroup_contrast,,,
k+6:AUTHOR_MISCONDUCT,0.27918652379550496,1.2673800503951729,0.8256481511623246,6,AUTHOR_MISCONDUCT,7825.0,78250.0,career_band,veteran (20y+),publications,subgroup_contrast,,,
k-3:HONEST_ERROR,0.5898635294291086,0.24646475106872612,0.016697685249666083,-3,HONEST_ERROR,7825.0,78250.0,career_band,veteran (20y+),publications,subgroup_contrast,,,
k+0:HONEST_ERROR,-0.009697301562708982,0.32991529484405596,0.9765509106983143,0,HONEST_ERROR,7825.0,78250.0,career_band,veteran (20y+),publications,subgroup_contrast,,,
k+1:HONEST_ERROR,0.3694825475489884,0.37445338130466055,0.323777425106734,1,HONEST_ERROR,7825.0,78250.0,career_band,veteran (20y+),publications,subgroup_contrast,,,
k+2:HONEST_ERROR,0.38026929061852527,0.39754009817980096,0.3387915022220782,2,HONEST_ERROR,7825.0,78250.0,career_band,veteran (20y+),publications,subgroup_contrast,,,
k+3:HONEST_ERROR,-0.09900864325907066,0.541644455209183,0.8549606899180324,3,HONEST_ERROR,7825.0,78250.0,career_band,veteran (20y+),publications,subgroup_contrast,,,
k+4:HONEST_ERROR,0.7131947978200216,1.1124379521979602,0.5214513914371879,4,HONEST_ERROR,7825.0,78250.0,career_band,veteran (20y+),publications,subgroup_contrast,,,
k+5:HONEST_ERROR,0.7404011519428915,0.7963652906146412,0.35251320597746316,5,HONEST_ERROR,7825.0,78250.0,career_band,veteran (20y+),publications,subgroup_contrast,,,
k+6:HONEST_ERROR,0.2295177990663542,1.3137623945620265,0.8613132690933278,6,HONEST_ERROR,7825.0,78250.0,career_band,veteran (20y+),publications,subgroup_contrast,,,
k-3:AUTHOR_MISCONDUCT,0.08100021476405228,0.027820916167396504,0.0035971374424130786,-3,AUTHOR_MISCONDUCT,1387.0,13870.0,subject_group,B/T,active,subgroup_contrast,,,
k+0:AUTHOR_MISCONDUCT,0.02313106464398018,0.06352110516291339,0.7157477154771497,0,AUTHOR_MISCONDUCT,1387.0,13870.0,subject_group,B/T,active,subgroup_contrast,,,
k+1:AUTHOR_MISCONDUCT,-0.03951170464085575,0.06112039466156411,0.5179834609155194,1,AUTHOR_MISCONDUCT,1387.0,13870.0,subject_group,B/T,active,subgroup_contrast,,,
k+2:AUTHOR_MISCONDUCT,-0.012314766004803107,0.05924363700159092,0.8353332262659321,2,AUTHOR_MISCONDUCT,1387.0,13870.0,subject_group,B/T,active,subgroup_contrast,,,
k+3:AUTHOR_MISCONDUCT,-0.07056463421777077,0.054277928916143636,0.19357996407212297,3,AUTHOR_MISCONDUCT,1387.0,13870.0,subject_group,B/T,active,subgroup_contrast,,,
k+4:AUTHOR_MISCONDUCT,-0.053090649954118746,0.04608419497560171,0.24930629537555338,4,AUTHOR_MISCONDUCT,1387.0,13870.0,subject_group,B/T,active,subgroup_contrast,,,
k+5:AUTHOR_MISCONDUCT,-0.0878531404361666,0.05344519608752189,0.10021780319120177,5,AUTHOR_MISCONDUCT,1387.0,13870.0,subject_group,B/T,active,subgroup_contrast,,,
k+6:AUTHOR_MISCONDUCT,-0.07701731779222562,0.04823342784940274,0.11031870898963803,6,AUTHOR_MISCONDUCT,1387.0,13870.0,subject_group,B/T,active,subgroup_contrast,,,
k-3:HONEST_ERROR,0.025037792894935927,0.03760701610152762,0.5055552368805063,-3,HONEST_ERROR,1387.0,13870.0,subject_group,B/T,active,subgroup_contrast,,,
k+0:HONEST_ERROR,0.06018518518518574,0.06738265978275346,0.37175807610178246,0,HONEST_ERROR,1387.0,13870.0,subject_group,B/T,active,subgroup_contrast,,,
k+1:HONEST_ERROR,-0.05205971277399846,0.06633203828640055,0.4325502499278868,1,HONEST_ERROR,1387.0,13870.0,subject_group,B/T,active,subgroup_contrast,,,
k+2:HONEST_ERROR,0.010487528344671197,0.062487158424983855,0.866713135989919,2,HONEST_ERROR,1387.0,13870.0,subject_group,B/T,active,subgroup_contrast,,,
k+3:HONEST_ERROR,-0.0031179138321993996,0.059510369027737445,0.9582157248005834,3,HONEST_ERROR,1387.0,13870.0,subject_group,B/T,active,subgroup_contrast,,,
k+4:HONEST_ERROR,-0.02787226001511703,0.05116471608290134,0.5859216944783532,4,HONEST_ERROR,1387.0,13870.0,subject_group,B/T,active,subgroup_contrast,,,
k+5:HONEST_ERROR,-0.06755479969765654,0.059899304721877225,0.2594018276038359,5,HONEST_ERROR,1387.0,13870.0,subject_group,B/T,active,subgroup_contrast,,,
k+6:HONEST_ERROR,-0.04091080876795146,0.05698936155598593,0.47283900749819363,6,HONEST_ERROR,1387.0,13870.0,subject_group,B/T,active,subgroup_contrast,,,
k-3:AUTHOR_MISCONDUCT,0.3567719010523418,0.4466782404201143,0.4244514149206875,-3,AUTHOR_MISCONDUCT,1387.0,13870.0,subject_group,B/T,publications,subgroup_contrast,,,
k+0:AUTHOR_MISCONDUCT,-1.7602452214998274,1.157420625848023,0.12830137375960193,0,AUTHOR_MISCONDUCT,1387.0,13870.0,subject_group,B/T,publications,subgroup_contrast,,,
k+1:AUTHOR_MISCONDUCT,-1.4196489583943315,0.8274543804436076,0.08622017868122467,1,AUTHOR_MISCONDUCT,1387.0,13870.0,subject_group,B/T,publications,subgroup_contrast,,,
k+2:AUTHOR_MISCONDUCT,-1.227220367441762,0.5697085798820655,0.031230800827790395,2,AUTHOR_MISCONDUCT,1387.0,13870.0,subject_group,B/T,publications,subgroup_contrast,,,
k+3:AUTHOR_MISCONDUCT,-0.6396844920830107,0.6344132365669974,0.3133062072988526,3,AUTHOR_MISCONDUCT,1387.0,13870.0,subject_group,B/T,publications,subgroup_contrast,,,
k+4:AUTHOR_MISCONDUCT,-0.47760596653584453,0.6431903104659482,0.4577494601681553,4,AUTHOR_MISCONDUCT,1387.0,13870.0,subject_group,B/T,publications,subgroup_contrast,,,
k+5:AUTHOR_MISCONDUCT,-0.68356469278978,1.0812298557224829,0.527249442780966,5,AUTHOR_MISCONDUCT,1387.0,13870.0,subject_group,B/T,publications,subgroup_contrast,,,
k+6:AUTHOR_MISCONDUCT,-1.1753158007770441,0.9036294454097997,0.19337443283009215,6,AUTHOR_MISCONDUCT,1387.0,13870.0,subject_group,B/T,publications,subgroup_contrast,,,
k-3:HONEST_ERROR,0.39521919879062417,0.7448419689381703,0.5956903657862065,-3,HONEST_ERROR,1387.0,13870.0,subject_group,B/T,publications,subgroup_contrast,,,
k+0:HONEST_ERROR,-1.9541761148903938,1.198744384267689,0.10306222678667942,0,HONEST_ERROR,1387.0,13870.0,subject_group,B/T,publications,subgroup_contrast,,,
k+1:HONEST_ERROR,-2.079459561602415,0.9590853986839416,0.03014580420409274,1,HONEST_ERROR,1387.0,13870.0,subject_group,B/T,publications,subgroup_contrast,,,
k+2:HONEST_ERROR,-0.15580120937262887,1.5403553368832497,0.9194343417279445,2,HONEST_ERROR,1387.0,13870.0,subject_group,B/T,publications,subgroup_contrast,,,
k+3:HONEST_ERROR,-0.6053476946334064,0.8465664310368902,0.4745705805990923,3,HONEST_ERROR,1387.0,13870.0,subject_group,B/T,publications,subgroup_contrast,,,
k+4:HONEST_ERROR,-1.4592781557067205,0.7805387261121289,0.06154242040516378,4,HONEST_ERROR,1387.0,13870.0,subject_group,B/T,publications,subgroup_contrast,,,
k+5:HONEST_ERROR,-2.4526643990929604,1.1452443396854994,0.032225042302920004,5,HONEST_ERROR,1387.0,13870.0,subject_group,B/T,publications,subgroup_contrast,,,
k+6:HONEST_ERROR,-2.181500377928941,1.0835933259584598,0.04409259424828771,6,HONEST_ERROR,1387.0,13870.0,subject_group,B/T,publications,subgroup_contrast,,,
k-3:AUTHOR_MISCONDUCT,0.033568147636563,0.02022216834074093,0.09692093698752302,-3,AUTHOR_MISCONDUCT,10431.0,104310.0,subject_group,BLS,active,subgroup_contrast,,,
k+0:AUTHOR_MISCONDUCT,0.05161675480378012,0.0228229079529739,0.023720864917648576,0,AUTHOR_MISCONDUCT,10431.0,104310.0,subject_group,BLS,active,subgroup_contrast,,,
k+1:AUTHOR_MISCONDUCT,0.003273214117537445,0.015494680876566731,0.8326940708315385,1,AUTHOR_MISCONDUCT,10431.0,104310.0,subject_group,BLS,active,subgroup_contrast,,,
k+2:AUTHOR_MISCONDUCT,-0.013017050465040248,0.01162000572663281,0.2626168096460586,2,AUTHOR_MISCONDUCT,10431.0,104310.0,subject_group,BLS,active,subgroup_contrast,,,
k+3:AUTHOR_MISCONDUCT,-0.02403680592616494,0.012727956790069722,0.05895823063667449,3,AUTHOR_MISCONDUCT,10431.0,104310.0,subject_group,BLS,active,subgroup_contrast,,,
k+4:AUTHOR_MISCONDUCT,-0.023358416499954765,0.014428473945591542,0.1054663941322822,4,AUTHOR_MISCONDUCT,10431.0,104310.0,subject_group,BLS,active,subgroup_contrast,,,
k+5:AUTHOR_MISCONDUCT,-0.015511454495470717,0.014128581847605676,0.272257910589758,5,AUTHOR_MISCONDUCT,10431.0,104310.0,subject_group,BLS,active,subgroup_contrast,,,
k+6:AUTHOR_MISCONDUCT,-0.00586310398657694,0.014558645143109469,0.68715187352627,6,AUTHOR_MISCONDUCT,10431.0,104310.0,subject_group,BLS,active,subgroup_contrast,,,
k-3:HONEST_ERROR,0.02278300015428164,0.02161298134154029,0.29182111255088783,-3,HONEST_ERROR,10431.0,104310.0,subject_group,BLS,active,subgroup_contrast,,,
k+0:HONEST_ERROR,0.044702287804983525,0.019580267307132228,0.022428751285679338,0,HONEST_ERROR,10431.0,104310.0,subject_group,BLS,active,subgroup_contrast,,,
k+1:HONEST_ERROR,0.012906096405190585,0.015596518757153925,0.40795455273150294,1,HONEST_ERROR,10431.0,104310.0,subject_group,BLS,active,subgroup_contrast,,,
k+2:HONEST_ERROR,-0.01198039496594909,0.012400268419043972,0.333974146006927,2,HONEST_ERROR,10431.0,104310.0,subject_group,BLS,active,subgroup_contrast,,,
k+3:HONEST_ERROR,-0.013482823095518438,0.01362649396712152,0.32243984037801043,3,HONEST_ERROR,10431.0,104310.0,subject_group,BLS,active,subgroup_contrast,,,
k+4:HONEST_ERROR,-0.039120528531442725,0.015364637884438884,0.01089213033439207,4,HONEST_ERROR,10431.0,104310.0,subject_group,BLS,active,subgroup_contrast,,,
k+5:HONEST_ERROR,-0.0066566933356864925,0.01510459783716448,0.6594255435576657,5,HONEST_ERROR,10431.0,104310.0,subject_group,BLS,active,subgroup_contrast,,,
k+6:HONEST_ERROR,-0.009605529964075486,0.01551544382418777,0.5358539353901708,6,HONEST_ERROR,10431.0,104310.0,subject_group,BLS,active,subgroup_contrast,,,
k-3:AUTHOR_MISCONDUCT,0.5652193843624959,0.15088599321495366,0.00017967443733368782,-3,AUTHOR_MISCONDUCT,10431.0,104310.0,subject_group,BLS,publications,subgroup_contrast,,,
k+0:AUTHOR_MISCONDUCT,-0.055673773286386646,0.24597870581232617,0.8209403002365443,0,AUTHOR_MISCONDUCT,10431.0,104310.0,subject_group,BLS,publications,subgroup_contrast,,,
k+1:AUTHOR_MISCONDUCT,0.27145631005621584,0.2490946644983074,0.27581373357532546,1,AUTHOR_MISCONDUCT,10431.0,104310.0,subject_group,BLS,publications,subgroup_contrast,,,
k+2:AUTHOR_MISCONDUCT,-0.13088843211062332,0.2987491493948863,0.6612981935544664,2,AUTHOR_MISCONDUCT,10431.0,104310.0,subject_group,BLS,publications,subgroup_contrast,,,
k+3:AUTHOR_MISCONDUCT,-0.3019146278121061,0.4612845203815603,0.5127842690523112,3,AUTHOR_MISCONDUCT,10431.0,104310.0,subject_group,BLS,publications,subgroup_contrast,,,
k+4:AUTHOR_MISCONDUCT,0.4802396040536777,0.5104235188855841,0.346774065853795,4,AUTHOR_MISCONDUCT,10431.0,104310.0,subject_group,BLS,publications,subgroup_contrast,,,
k+5:AUTHOR_MISCONDUCT,0.47674384728738073,0.7905512315638834,0.5464738057331553,5,AUTHOR_MISCONDUCT,10431.0,104310.0,subject_group,BLS,publications,subgroup_contrast,,,
k+6:AUTHOR_MISCONDUCT,0.2845381077679937,1.4280367090218478,0.8420662067210856,6,AUTHOR_MISCONDUCT,10431.0,104310.0,subject_group,BLS,publications,subgroup_contrast,,,
k-3:HONEST_ERROR,0.40641737012630436,0.152781933683721,0.007811419294844635,-3,HONEST_ERROR,10431.0,104310.0,subject_group,BLS,publications,subgroup_contrast,,,
k+0:HONEST_ERROR,0.37400312607909625,0.2545451463412273,0.14175149800834452,0,HONEST_ERROR,10431.0,104310.0,subject_group,BLS,publications,subgroup_contrast,,,
k+1:HONEST_ERROR,0.40781969760421843,0.2891870662478144,0.15847237103564416,1,HONEST_ERROR,10431.0,104310.0,subject_group,BLS,publications,subgroup_contrast,,,
k+2:HONEST_ERROR,0.2799296356703773,0.3306723117141527,0.3972476961109743,2,HONEST_ERROR,10431.0,104310.0,subject_group,BLS,publications,subgroup_contrast,,,
k+3:HONEST_ERROR,0.13701345573166282,0.4858963962373779,0.7779582306471675,3,HONEST_ERROR,10431.0,104310.0,subject_group,BLS,publications,subgroup_contrast,,,
k+4:HONEST_ERROR,0.8539719754909918,0.8265765101305134,0.30153684696397454,4,HONEST_ERROR,10431.0,104310.0,subject_group,BLS,publications,subgroup_contrast,,,
k+5:HONEST_ERROR,0.8600202589025655,0.8249478501942782,0.2971731146753207,5,HONEST_ERROR,10431.0,104310.0,subject_group,BLS,publications,subgroup_contrast,,,
k+6:HONEST_ERROR,0.638272519891594,1.4440317323743646,0.6584839471050732,6,HONEST_ERROR,10431.0,104310.0,subject_group,BLS,publications,subgroup_contrast,,,
k-3:AUTHOR_MISCONDUCT,0.014714452214452375,0.054466035861366946,0.7870384641213368,-3,AUTHOR_MISCONDUCT,416.0,4160.0,subject_group,ENV,active,subgroup_contrast,,,
k+0:AUTHOR_MISCONDUCT,0.00014568764568881343,0.06797021051247697,0.9982898120616024,0,AUTHOR_MISCONDUCT,416.0,4160.0,subject_group,ENV,active,subgroup_contrast,,,
k+1:AUTHOR_MISCONDUCT,-0.10999417249417233,0.05831702799851647,0.05927587575815707,1,AUTHOR_MISCONDUCT,416.0,4160.0,subject_group,ENV,active,subgroup_contrast,,,
k+2:AUTHOR_MISCONDUCT,-0.029865967365967208,0.06363180939605498,0.6388152401691687,2,AUTHOR_MISCONDUCT,416.0,4160.0,subject_group,ENV,active,subgroup_contrast,,,
k+3:AUTHOR_MISCONDUCT,-0.035984848484848383,0.06307084157741416,0.568307086826102,3,AUTHOR_MISCONDUCT,416.0,4160.0,subject_group,ENV,active,subgroup_contrast,,,
k+4:AUTHOR_MISCONDUCT,0.007721445221444932,0.07332137135200766,0.9161301355409488,4,AUTHOR_MISCONDUCT,416.0,4160.0,subject_group,ENV,active,subgroup_contrast,,,
k+5:AUTHOR_MISCONDUCT,-0.026369463869464066,0.07469469655720608,0.7240659987015425,5,AUTHOR_MISCONDUCT,416.0,4160.0,subject_group,ENV,active,subgroup_contrast,,,
k+6:AUTHOR_MISCONDUCT,-0.008304195804195523,0.06294893798676841,0.8950479221916017,6,AUTHOR_MISCONDUCT,416.0,4160.0,subject_group,ENV,active,subgroup_contrast,,,
k-3:HONEST_ERROR,-0.014206514206514198,0.0714924083127037,0.8424867807834076,-3,HONEST_ERROR,416.0,4160.0,subject_group,ENV,active,subgroup_contrast,,,
k+0:HONEST_ERROR,-0.08835758835758731,0.0731390563392345,0.22701776882313762,0,HONEST_ERROR,416.0,4160.0,subject_group,ENV,active,subgroup_contrast,,,
k+1:HONEST_ERROR,-0.10533610533610502,0.06202209479979743,0.08943904480667864,1,HONEST_ERROR,416.0,4160.0,subject_group,ENV,active,subgroup_contrast,,,
k+2:HONEST_ERROR,-0.06687456687456668,0.06428842737951411,0.29823438577397154,2,HONEST_ERROR,416.0,4160.0,subject_group,ENV,active,subgroup_contrast,,,
k+3:HONEST_ERROR,-0.10810810810810811,0.06986548428724734,0.12177283098803837,3,HONEST_ERROR,416.0,4160.0,subject_group,ENV,active,subgroup_contrast,,,
k+4:HONEST_ERROR,-0.029799029799030038,0.0874579942479952,0.7333114366981612,4,HONEST_ERROR,416.0,4160.0,subject_group,ENV,active,subgroup_contrast,,,
k+5:HONEST_ERROR,-0.08385308385308388,0.07968808503031144,0.29267740320071267,5,HONEST_ERROR,416.0,4160.0,subject_group,ENV,active,subgroup_contrast,,,
k+6:HONEST_ERROR,-0.004158004158003888,0.07431287748275862,0.9553795092688728,6,HONEST_ERROR,416.0,4160.0,subject_group,ENV,active,subgroup_contrast,,,
k-3:AUTHOR_MISCONDUCT,0.3597027972027932,0.4813788853614206,0.4549221645943997,-3,AUTHOR_MISCONDUCT,416.0,4160.0,subject_group,ENV,publications,subgroup_contrast,,,
k+0:AUTHOR_MISCONDUCT,-0.2262529137529125,0.6205378406076658,0.7154042193821017,0,AUTHOR_MISCONDUCT,416.0,4160.0,subject_group,ENV,publications,subgroup_contrast,,,
k+1:AUTHOR_MISCONDUCT,-0.1694347319347404,0.905141728506006,0.8515105808254813,1,AUTHOR_MISCONDUCT,416.0,4160.0,subject_group,ENV,publications,subgroup_contrast,,,
k+2:AUTHOR_MISCONDUCT,0.5013111888111732,0.8735854381350986,0.5660660682540413,2,AUTHOR_MISCONDUCT,416.0,4160.0,subject_group,ENV,publications,subgroup_contrast,,,
k+3:AUTHOR_MISCONDUCT,0.2245046620046504,1.4325860060272095,0.8754711450073116,3,AUTHOR_MISCONDUCT,416.0,4160.0,subject_group,ENV,publications,subgroup_contrast,,,
k+4:AUTHOR_MISCONDUCT,1.3142482517482401,1.6031490404197724,0.4123348725113254,4,AUTHOR_MISCONDUCT,416.0,4160.0,subject_group,ENV,publications,subgroup_contrast,,,
k+5:AUTHOR_MISCONDUCT,0.02491258741257521,1.2271580855823205,0.9838032248386459,5,AUTHOR_MISCONDUCT,416.0,4160.0,subject_group,ENV,publications,subgroup_contrast,,,
k+6:AUTHOR_MISCONDUCT,1.1344696969696988,1.060813830830027,0.28487444300653775,6,AUTHOR_MISCONDUCT,416.0,4160.0,subject_group,ENV,publications,subgroup_contrast,,,
k-3:HONEST_ERROR,-0.015246015246023537,0.6510066526611913,0.9813159385302082,-3,HONEST_ERROR,416.0,4160.0,subject_group,ENV,publications,subgroup_contrast,,,
k+0:HONEST_ERROR,-1.623007623007627,1.041379212785928,0.11911064657772652,0,HONEST_ERROR,416.0,4160.0,subject_group,ENV,publications,subgroup_contrast,,,
k+1:HONEST_ERROR,-1.1275121275121411,1.4892110871045432,0.44897771981888046,1,HONEST_ERROR,416.0,4160.0,subject_group,ENV,publications,subgroup_contrast,,,
k+2:HONEST_ERROR,-0.051975051975072906,1.0322560253943245,0.9598427380889814,2,HONEST_ERROR,416.0,4160.0,subject_group,ENV,publications,subgroup_contrast,,,
k+3:HONEST_ERROR,-2.95183645183647,2.1135996370750036,0.16253628207071769,3,HONEST_ERROR,416.0,4160.0,subject_group,ENV,publications,subgroup_contrast,,,
k+4:HONEST_ERROR,-2.3395703395703586,1.8829818234061866,0.2140589112976765,4,HONEST_ERROR,416.0,4160.0,subject_group,ENV,publications,subgroup_contrast,,,
k+5:HONEST_ERROR,-2.825363825363846,1.6031465130604254,0.07800401237876531,5,HONEST_ERROR,416.0,4160.0,subject_group,ENV,publications,subgroup_contrast,,,
k+6:HONEST_ERROR,-1.5450450450450521,2.1205752971489837,0.4662481433797443,6,HONEST_ERROR,416.0,4160.0,subject_group,ENV,publications,subgroup_contrast,,,
k-3:AUTHOR_MISCONDUCT,0.04524509803921367,0.02709903392019045,0.09499450488612737,-3,AUTHOR_MISCONDUCT,2617.0,26170.0,subject_group,HSC,active,subgroup_contrast,,,
k+0:AUTHOR_MISCONDUCT,-0.01503731343283668,0.020237075290295968,0.4574467833651372,0,AUTHOR_MISCONDUCT,2617.0,26170.0,subject_group,HSC,active,subgroup_contrast,,,
k+1:AUTHOR_MISCONDUCT,-0.03480172666081531,0.021315774001540968,0.10253741404935379,1,AUTHOR_MISCONDUCT,2617.0,26170.0,subject_group,HSC,active,subgroup_contrast,,,
k+2:AUTHOR_MISCONDUCT,0.006753731343281149,0.026462036086431176,0.7985505435626636,2,AUTHOR_MISCONDUCT,2617.0,26170.0,subject_group,HSC,active,subgroup_contrast,,,
k+3:AUTHOR_MISCONDUCT,-0.0013864501024313004,0.023941639914894685,0.9538206591655061,3,AUTHOR_MISCONDUCT,2617.0,26170.0,subject_group,HSC,active,subgroup_contrast,,,
k+4:AUTHOR_MISCONDUCT,-0.004143254316654431,0.02293229464315041,0.8566239842752803,4,AUTHOR_MISCONDUCT,2617.0,26170.0,subject_group,HSC,active,subgroup_contrast,,,
k+5:AUTHOR_MISCONDUCT,-0.011262071992978271,0.02317099846946032,0.6269375851455721,5,AUTHOR_MISCONDUCT,2617.0,26170.0,subject_group,HSC,active,subgroup_contrast,,,
k+6:AUTHOR_MISCONDUCT,-0.02716198419666603,0.02694083487524821,0.3133542805550309,6,AUTHOR_MISCONDUCT,2617.0,26170.0,subject_group,HSC,active,subgroup_contrast,,,
k-3:HONEST_ERROR,0.021557071960295767,0.02801606980991077,0.44162394855187537,-3,HONEST_ERROR,2617.0,26170.0,subject_group,HSC,active,subgroup_contrast,,,
k+0:HONEST_ERROR,0.0020346468649299464,0.019631289828269595,0.9174526181342617,0,HONEST_ERROR,2617.0,26170.0,subject_group,HSC,active,subgroup_contrast,,,
k+1:HONEST_ERROR,-0.004571589941114876,0.02104490216720991,0.8280288898545145,1,HONEST_ERROR,2617.0,26170.0,subject_group,HSC,active,subgroup_contrast,,,
k+2:HONEST_ERROR,0.0619398355616435,0.025777601650812165,0.0162676423059378,2,HONEST_ERROR,2617.0,26170.0,subject_group,HSC,active,subgroup_contrast,,,
k+3:HONEST_ERROR,0.017890541091068593,0.023305590173087136,0.44269502646877656,3,HONEST_ERROR,2617.0,26170.0,subject_group,HSC,active,subgroup_contrast,,,
k+4:HONEST_ERROR,0.007946464945740571,0.023146983223437133,0.7313693488812232,4,HONEST_ERROR,2617.0,26170.0,subject_group,HSC,active,subgroup_contrast,,,
k+5:HONEST_ERROR,0.022274637976369378,0.021953637160354776,0.31028616259298225,5,HONEST_ERROR,2617.0,26170.0,subject_group,HSC,active,subgroup_contrast,,,
k+6:HONEST_ERROR,-0.010011203288769241,0.026322665946226266,0.703703182912712,6,HONEST_ERROR,2617.0,26170.0,subject_group,HSC,active,subgroup_contrast,,,
k-3:AUTHOR_MISCONDUCT,0.018991805677502444,0.438150076466438,0.965426173310358,-3,AUTHOR_MISCONDUCT,2617.0,26170.0,subject_group,HSC,publications,subgroup_contrast,,,
k+0:AUTHOR_MISCONDUCT,-0.6794483465027633,0.4412455561700191,0.12359892291027874,0,AUTHOR_MISCONDUCT,2617.0,26170.0,subject_group,HSC,publications,subgroup_contrast,,,
k+1:AUTHOR_MISCONDUCT,-0.7551551068188314,0.6123992107433759,0.21753502185507267,1,AUTHOR_MISCONDUCT,2617.0,26170.0,subject_group,HSC,publications,subgroup_contrast,,,
k+2:AUTHOR_MISCONDUCT,-0.43443664032775786,0.599197384718889,0.4684330523219291,2,AUTHOR_MISCONDUCT,2617.0,26170.0,subject_group,HSC,publications,subgroup_contrast,,,
k+3:AUTHOR_MISCONDUCT,-0.9338688908399017,0.8944340988598958,0.2964441696657878,3,AUTHOR_MISCONDUCT,2617.0,26170.0,subject_group,HSC,publications,subgroup_contrast,,,
k+4:AUTHOR_MISCONDUCT,-1.815501902253408,1.174030705310137,0.12201193736701343,4,AUTHOR_MISCONDUCT,2617.0,26170.0,subject_group,HSC,publications,subgroup_contrast,,,
k+5:AUTHOR_MISCONDUCT,-0.48357184664909075,0.5632840543164945,0.39062379328317354,5,AUTHOR_MISCONDUCT,2617.0,26170.0,subject_group,HSC,publications,subgroup_contrast,,,
k+6:AUTHOR_MISCONDUCT,-0.9017061750072928,0.701056213512318,0.19836945223726543,6,AUTHOR_MISCONDUCT,2617.0,26170.0,subject_group,HSC,publications,subgroup_contrast,,,
k-3:HONEST_ERROR,0.5581135883856259,0.5904337221771537,0.34452597431795073,-3,HONEST_ERROR,2617.0,26170.0,subject_group,HSC,publications,subgroup_contrast,,,
k+0:HONEST_ERROR,-0.01913355060921898,0.6478196207659148,0.9764376612511878,0,HONEST_ERROR,2617.0,26170.0,subject_group,HSC,publications,subgroup_contrast,,,
k+1:HONEST_ERROR,-0.20061756971962208,0.659324663329683,0.7609165899778847,1,HONEST_ERROR,2617.0,26170.0,subject_group,HSC,publications,subgroup_contrast,,,
k+2:HONEST_ERROR,0.4594829821117922,0.6156818267516441,0.4554865696781363,2,HONEST_ERROR,2617.0,26170.0,subject_group,HSC,publications,subgroup_contrast,,,
k+3:HONEST_ERROR,-0.5365171660308697,0.9266272218269529,0.562589169829939,3,HONEST_ERROR,2617.0,26170.0,subject_group,HSC,publications,subgroup_contrast,,,
k+4:HONEST_ERROR,-1.6116810488500113,1.2141834564592253,0.18438349895271733,4,HONEST_ERROR,2617.0,26170.0,subject_group,HSC,publications,subgroup_contrast,,,
k+5:HONEST_ERROR,0.04289192992854007,0.7428787677968797,0.953957758131279,5,HONEST_ERROR,2617.0,26170.0,subject_group,HSC,publications,subgroup_contrast,,,
k+6:HONEST_ERROR,-1.4440761453279263,0.8583806681023797,0.09250563543452994,6,HONEST_ERROR,2617.0,26170.0,subject_group,HSC,publications,subgroup_contrast,,,
k-3:AUTHOR_MISCONDUCT,0.0027572532036401858,0.02874179324983934,0.92357470397824,-3,AUTHOR_MISCONDUCT,2227.0,22270.0,subject_group,PHY,active,subgroup_contrast,,,
k+0:AUTHOR_MISCONDUCT,0.07197959928577687,0.022971276556469175,0.0017275787285044863,0,AUTHOR_MISCONDUCT,2227.0,22270.0,subject_group,PHY,active,subgroup_contrast,,,
k+1:AUTHOR_MISCONDUCT,-0.023458848365873777,0.027697373970606592,0.3970117721445603,1,AUTHOR_MISCONDUCT,2227.0,22270.0,subject_group,PHY,active,subgroup_contrast,,,
k+2:AUTHOR_MISCONDUCT,-0.0019779222444752213,0.023840379285825625,0.9338791969214031,2,AUTHOR_MISCONDUCT,2227.0,22270.0,subject_group,PHY,active,subgroup_contrast,,,
k+3:AUTHOR_MISCONDUCT,0.007226075032799071,0.025087041367698754,0.773316009004575,3,AUTHOR_MISCONDUCT,2227.0,22270.0,subject_group,PHY,active,subgroup_contrast,,,
k+4:AUTHOR_MISCONDUCT,0.0025056970079589957,0.02891199091674615,0.9309367167456271,4,AUTHOR_MISCONDUCT,2227.0,22270.0,subject_group,PHY,active,subgroup_contrast,,,
k+5:AUTHOR_MISCONDUCT,-0.018832187355110736,0.02377803015144588,0.42836098336688266,5,AUTHOR_MISCONDUCT,2227.0,22270.0,subject_group,PHY,active,subgroup_contrast,,,
k+6:AUTHOR_MISCONDUCT,0.016652033659203477,0.02376084622800093,0.48341647386313236,6,AUTHOR_MISCONDUCT,2227.0,22270.0,subject_group,PHY,active,subgroup_contrast,,,
k-3:HONEST_ERROR,-0.010560616616547695,0.03122879648879404,0.7352356971108913,-3,HONEST_ERROR,2227.0,22270.0,subject_group,PHY,active,subgroup_contrast,,,
k+0:HONEST_ERROR,0.02960941151570108,0.02806611841162135,0.29143092079208843,0,HONEST_ERROR,2227.0,22270.0,subject_group,PHY,active,subgroup_contrast,,,
k+1:HONEST_ERROR,0.002936689213617551,0.027595603729418848,0.9152501298732467,1,HONEST_ERROR,2227.0,22270.0,subject_group,PHY,active,subgroup_contrast,,,
k+2:HONEST_ERROR,0.0033247202208229057,0.025242572717130297,0.8952130185199072,2,HONEST_ERROR,2227.0,22270.0,subject_group,PHY,active,subgroup_contrast,,,
k+3:HONEST_ERROR,-0.0023237765999681195,0.026633544309080256,0.9304728008113408,3,HONEST_ERROR,2227.0,22270.0,subject_group,PHY,active,subgroup_contrast,,,
k+4:HONEST_ERROR,0.009555263552421915,0.029943798039240948,0.7496456798098636,4,HONEST_ERROR,2227.0,22270.0,subject_group,PHY,active,subgroup_contrast,,,
k+5:HONEST_ERROR,0.0049914897744991575,0.02603966613527843,0.8479866588659388,5,HONEST_ERROR,2227.0,22270.0,subject_group,PHY,active,subgroup_contrast,,,
k+6:HONEST_ERROR,0.005379520781704327,0.024813704232073863,0.8283670479826877,6,HONEST_ERROR,2227.0,22270.0,subject_group,PHY,active,subgroup_contrast,,,
k-3:AUTHOR_MISCONDUCT,0.21936686758279217,0.4336721880045858,0.6129720061716277,-3,AUTHOR_MISCONDUCT,2227.0,22270.0,subject_group,PHY,publications,subgroup_contrast,,,
k+0:AUTHOR_MISCONDUCT,0.3671240714617052,0.42911969212171563,0.3922587046169008,0,AUTHOR_MISCONDUCT,2227.0,22270.0,subject_group,PHY,publications,subgroup_contrast,,,
k+1:AUTHOR_MISCONDUCT,-0.46363286606358045,0.5440296624885411,0.39409209291098435,1,AUTHOR_MISCONDUCT,2227.0,22270.0,subject_group,PHY,publications,subgroup_contrast,,,
k+2:AUTHOR_MISCONDUCT,-0.31738993183319436,0.5406979218314072,0.5572033940518462,2,AUTHOR_MISCONDUCT,2227.0,22270.0,subject_group,PHY,publications,subgroup_contrast,,,
k+3:AUTHOR_MISCONDUCT,-0.761376752261528,0.6199252159715007,0.2193812207398298,3,AUTHOR_MISCONDUCT,2227.0,22270.0,subject_group,PHY,publications,subgroup_contrast,,,
k+4:AUTHOR_MISCONDUCT,-0.2690862097879973,0.6955672191000114,0.6988608393707851,4,AUTHOR_MISCONDUCT,2227.0,22270.0,subject_group,PHY,publications,subgroup_contrast,,,
k+5:AUTHOR_MISCONDUCT,-0.2294587102565713,0.794971213451051,0.7728585965117845,5,AUTHOR_MISCONDUCT,2227.0,22270.0,subject_group,PHY,publications,subgroup_contrast,,,
k+6:AUTHOR_MISCONDUCT,-0.36656176937721496,0.9098935871600355,0.6870495703915642,6,AUTHOR_MISCONDUCT,2227.0,22270.0,subject_group,PHY,publications,subgroup_contrast,,,
k-3:HONEST_ERROR,0.20074210930127778,0.4578373523956422,0.6610548489150363,-3,HONEST_ERROR,2227.0,22270.0,subject_group,PHY,publications,subgroup_contrast,,,
k+0:HONEST_ERROR,0.11442725741449178,0.44839718204159473,0.7985750098997071,0,HONEST_ERROR,2227.0,22270.0,subject_group,PHY,publications,subgroup_contrast,,,
k+1:HONEST_ERROR,0.023658867831358732,0.7367800893352344,0.974383398739386,1,HONEST_ERROR,2227.0,22270.0,subject_group,PHY,publications,subgroup_contrast,,,
k+2:HONEST_ERROR,-0.308989531981682,0.5881362676896925,0.5993255540299567,2,HONEST_ERROR,2227.0,22270.0,subject_group,PHY,publications,subgroup_contrast,,,
k+3:HONEST_ERROR,-0.3200351873572334,0.7084951352385237,0.6514770490249571,3,HONEST_ERROR,2227.0,22270.0,subject_group,PHY,publications,subgroup_contrast,,,
k+4:HONEST_ERROR,0.7281908936177793,1.1263515708156018,0.5179529513353982,4,HONEST_ERROR,2227.0,22270.0,subject_group,PHY,publications,subgroup_contrast,,,
k+5:HONEST_ERROR,-0.46352288060107916,0.8311319306504559,0.5770487622848632,5,HONEST_ERROR,2227.0,22270.0,subject_group,PHY,publications,subgroup_contrast,,,
k+6:HONEST_ERROR,-0.02350894676036963,0.9960500857623413,0.9811699385759458,6,HONEST_ERROR,2227.0,22270.0,subject_group,PHY,publications,subgroup_contrast,,,
k-3:AUTHOR_MISCONDUCT,0.015217391304347766,0.0997401556574181,0.8787371017816781,-3,AUTHOR_MISCONDUCT,170.0,1700.0,subject_group,SOC,active,subgroup_contrast,,,
k+0:AUTHOR_MISCONDUCT,0.13550724637681388,0.11872060747385256,0.2537050988239318,0,AUTHOR_MISCONDUCT,170.0,1700.0,subject_group,SOC,active,subgroup_contrast,,,
k+1:AUTHOR_MISCONDUCT,-0.007971014492751782,0.11488887076857422,0.9446869775391655,1,AUTHOR_MISCONDUCT,170.0,1700.0,subject_group,SOC,active,subgroup_contrast,,,
k+2:AUTHOR_MISCONDUCT,0.0031400966183579987,0.07260776280991724,0.9655043244401118,2,AUTHOR_MISCONDUCT,170.0,1700.0,subject_group,SOC,active,subgroup_contrast,,,
k+3:AUTHOR_MISCONDUCT,0.046618357487923645,0.09030885470450153,0.6057075642194947,3,AUTHOR_MISCONDUCT,170.0,1700.0,subject_group,SOC,active,subgroup_contrast,,,
k+4:AUTHOR_MISCONDUCT,-0.020048309178742528,0.12300193819275765,0.8705248790223961,4,AUTHOR_MISCONDUCT,170.0,1700.0,subject_group,SOC,active,subgroup_contrast,,,
k+5:AUTHOR_MISCONDUCT,-0.06352657004830838,0.08832447575528646,0.47199254060972917,5,AUTHOR_MISCONDUCT,170.0,1700.0,subject_group,SOC,active,subgroup_contrast,,,
k+6:AUTHOR_MISCONDUCT,0.013285024154590763,0.0960122685850997,0.8899495977448424,6,AUTHOR_MISCONDUCT,170.0,1700.0,subject_group,SOC,active,subgroup_contrast,,,
k-3:HONEST_ERROR,0.04767353165522546,0.08611007993303911,0.5798288462893089,-3,HONEST_ERROR,170.0,1700.0,subject_group,SOC,active,subgroup_contrast,,,
k+0:HONEST_ERROR,0.22234935163997233,0.13277533345725614,0.09400715254453251,0,HONEST_ERROR,170.0,1700.0,subject_group,SOC,active,subgroup_contrast,,,
k+1:HONEST_ERROR,0.056064073226546746,0.11441150138298307,0.6241188228950889,1,HONEST_ERROR,170.0,1700.0,subject_group,SOC,active,subgroup_contrast,,,
k+2:HONEST_ERROR,-0.014111365369945894,0.09301487973095945,0.8794150084728511,2,HONEST_ERROR,170.0,1700.0,subject_group,SOC,active,subgroup_contrast,,,
k+3:HONEST_ERROR,0.029366895499619503,0.08251244175878038,0.7219089436641442,3,HONEST_ERROR,170.0,1700.0,subject_group,SOC,active,subgroup_contrast,,,
k+4:HONEST_ERROR,0.1346300533943573,0.12393445051037214,0.27734607361137087,4,HONEST_ERROR,170.0,1700.0,subject_group,SOC,active,subgroup_contrast,,,
k+5:HONEST_ERROR,-0.04919908466819117,0.0922440784127041,0.5937860292163211,5,HONEST_ERROR,170.0,1700.0,subject_group,SOC,active,subgroup_contrast,,,
k+6:HONEST_ERROR,0.029366895499620224,0.09841040211826543,0.7653883391381813,6,HONEST_ERROR,170.0,1700.0,subject_group,SOC,active,subgroup_contrast,,,
k-3:AUTHOR_MISCONDUCT,0.8770531400965988,0.6872524323837707,0.20189429793572433,-3,AUTHOR_MISCONDUCT,170.0,1700.0,subject_group,SOC,publications,subgroup_contrast,,,
k+0:AUTHOR_MISCONDUCT,-0.48526570048310813,0.9781295763994552,0.6198125946763697,0,AUTHOR_MISCONDUCT,170.0,1700.0,subject_group,SOC,publications,subgroup_contrast,,,
k+1:AUTHOR_MISCONDUCT,-3.3954106280193557,2.465923013810726,0.1685329815550498,1,AUTHOR_MISCONDUCT,170.0,1700.0,subject_group,SOC,publications,subgroup_contrast,,,
k+2:AUTHOR_MISCONDUCT,-0.971739130434804,2.42382778215545,0.6884856781137989,2,AUTHOR_MISCONDUCT,170.0,1700.0,subject_group,SOC,publications,subgroup_contrast,,,
k+3:AUTHOR_MISCONDUCT,0.19637681159418596,1.8874664574606532,0.9171355866745126,3,AUTHOR_MISCONDUCT,170.0,1700.0,subject_group,SOC,publications,subgroup_contrast,,,
k+4:AUTHOR_MISCONDUCT,-0.08429951690823767,2.1613022816631426,0.968887168990989,4,AUTHOR_MISCONDUCT,170.0,1700.0,subject_group,SOC,publications,subgroup_contrast,,,
k+5:AUTHOR_MISCONDUCT,0.32004830917874216,1.7091515071237198,0.8514601789973664,5,AUTHOR_MISCONDUCT,170.0,1700.0,subject_group,SOC,publications,subgroup_contrast,,,
k+6:AUTHOR_MISCONDUCT,2.4601449275362395,1.007556388055231,0.014618509909260613,6,AUTHOR_MISCONDUCT,170.0,1700.0,subject_group,SOC,publications,subgroup_contrast,,,
k-3:HONEST_ERROR,-0.7437070938215282,0.8148994171984546,0.36143365939387007,-3,HONEST_ERROR,170.0,1700.0,subject_group,SOC,publications,subgroup_contrast,,,
k+0:HONEST_ERROR,-0.4393592677345708,1.0889272483319226,0.6865958868278115,0,HONEST_ERROR,170.0,1700.0,subject_group,SOC,publications,subgroup_contrast,,,
k+1:HONEST_ERROR,-2.4126620900076565,2.680809965613103,0.3681335270742978,1,HONEST_ERROR,170.0,1700.0,subject_group,SOC,publications,subgroup_contrast,,,
k+2:HONEST_ERROR,0.6361556064073015,2.9378173874553646,0.828566682229122,2,HONEST_ERROR,170.0,1700.0,subject_group,SOC,publications,subgroup_contrast,,,
k+3:HONEST_ERROR,1.7551487414187499,2.1646357087871366,0.41746405473234827,3,HONEST_ERROR,170.0,1700.0,subject_group,SOC,publications,subgroup_contrast,,,
k+4:HONEST_ERROR,-0.8337147215866005,2.213928820876701,0.7064879667802815,4,HONEST_ERROR,170.0,1700.0,subject_group,SOC,publications,subgroup_contrast,,,
k+5:HONEST_ERROR,0.575896262395121,1.82533786715217,0.7523811505233053,5,HONEST_ERROR,170.0,1700.0,subject_group,SOC,publications,subgroup_contrast,,,
k+6:HONEST_ERROR,2.061022120518701,1.330647326980111,0.12140892734934239,6,HONEST_ERROR,170.0,1700.0,subject_group,SOC,publications,subgroup_contrast,,,
k-3:AUTHOR_MISCONDUCT,0.035026394635467986,0.016435867419928762,0.03308131777825274,-3,AUTHOR_MISCONDUCT,3660.0,36600.0,lag_band,fast (<1y),active,subgroup_contrast,,,
k+0:AUTHOR_MISCONDUCT,0.03758175578767331,0.01811590331111817,0.03803128882557516,0,AUTHOR_MISCONDUCT,3660.0,36600.0,lag_band,fast (<1y),active,subgroup_contrast,,,
k+1:AUTHOR_MISCONDUCT,-0.032560392277598216,0.021022185223104253,0.12141571607017698,1,AUTHOR_MISCONDUCT,3660.0,36600.0,lag_band,fast (<1y),active,subgroup_contrast,,,
k+2:AUTHOR_MISCONDUCT,0.014668358726749363,0.023542224188070133,0.533241171744183,2,AUTHOR_MISCONDUCT,3660.0,36600.0,lag_band,fast (<1y),active,subgroup_contrast,,,
k+3:AUTHOR_MISCONDUCT,0.011662449031695648,0.02698296729003563,0.665585001462834,3,AUTHOR_MISCONDUCT,3660.0,36600.0,lag_band,fast (<1y),active,subgroup_contrast,,,
k+4:AUTHOR_MISCONDUCT,-0.01037538202761916,0.022643954405885954,0.6468112306509255,4,AUTHOR_MISCONDUCT,3660.0,36600.0,lag_band,fast (<1y),active,subgroup_contrast,,,
k+5:AUTHOR_MISCONDUCT,0.007450571070277554,0.0341848166661791,0.8274682906648065,5,AUTHOR_MISCONDUCT,3660.0,36600.0,lag_band,fast (<1y),active,subgroup_contrast,,,
k+6:AUTHOR_MISCONDUCT,0.014824548888270846,0.02912804326404153,0.6107913320722325,6,AUTHOR_MISCONDUCT,3660.0,36600.0,lag_band,fast (<1y),active,subgroup_contrast,,,
k-3:HONEST_ERROR,0.030206238316454144,0.01644259043709107,0.06619912505576764,-3,HONEST_ERROR,3660.0,36600.0,lag_band,fast (<1y),active,subgroup_contrast,,,
k+0:HONEST_ERROR,0.0024362566048458136,0.01799937353731265,0.8923333361577166,0,HONEST_ERROR,3660.0,36600.0,lag_band,fast (<1y),active,subgroup_contrast,,,
k+1:HONEST_ERROR,-0.030276149610168786,0.020704088116813464,0.14365158940225542,1,HONEST_ERROR,3660.0,36600.0,lag_band,fast (<1y),active,subgroup_contrast,,,
k+2:HONEST_ERROR,-0.003020877133434772,0.023370955313941812,0.8971537003695262,2,HONEST_ERROR,3660.0,36600.0,lag_band,fast (<1y),active,subgroup_contrast,,,
k+3:HONEST_ERROR,0.013284665616308002,0.026832243673306794,0.6205289610422917,3,HONEST_ERROR,3660.0,36600.0,lag_band,fast (<1y),active,subgroup_contrast,,,
k+4:HONEST_ERROR,-0.0015557795869159579,0.022628165200849187,0.9451853385084155,4,HONEST_ERROR,3660.0,36600.0,lag_band,fast (<1y),active,subgroup_contrast,,,
k+5:HONEST_ERROR,0.024565714083072503,0.03431558734687026,0.47406776288841446,5,HONEST_ERROR,3660.0,36600.0,lag_band,fast (<1y),active,subgroup_contrast,,,
k+6:HONEST_ERROR,0.026926486754848773,0.030086330085637967,0.3708009233204743,6,HONEST_ERROR,3660.0,36600.0,lag_band,fast (<1y),active,subgroup_contrast,,,
k-3:AUTHOR_MISCONDUCT,0.42847654519380307,0.2909646649147559,0.1408570891711216,-3,AUTHOR_MISCONDUCT,3660.0,36600.0,lag_band,fast (<1y),publications,subgroup_contrast,,,
k+0:AUTHOR_MISCONDUCT,-0.7800681079213635,0.5347950766022,0.1446669897906605,0,AUTHOR_MISCONDUCT,3660.0,36600.0,lag_band,fast (<1y),publications,subgroup_contrast,,,
k+1:AUTHOR_MISCONDUCT,-1.1617337858842873,0.44344903667897334,0.008798949409100754,1,AUTHOR_MISCONDUCT,3660.0,36600.0,lag_band,fast (<1y),publications,subgroup_contrast,,,
k+2:AUTHOR_MISCONDUCT,-0.6296802607174006,0.41455826982632765,0.12878299026373474,2,AUTHOR_MISCONDUCT,3660.0,36600.0,lag_band,fast (<1y),publications,subgroup_contrast,,,
k+3:AUTHOR_MISCONDUCT,-0.6934569087864189,0.606665403312076,0.2530123440130079,3,AUTHOR_MISCONDUCT,3660.0,36600.0,lag_band,fast (<1y),publications,subgroup_contrast,,,
k+4:AUTHOR_MISCONDUCT,-0.3477622755704761,0.7740467146763134,0.6532310182367063,4,AUTHOR_MISCONDUCT,3660.0,36600.0,lag_band,fast (<1y),publications,subgroup_contrast,,,
k+5:AUTHOR_MISCONDUCT,-0.06472467729457934,0.6902414654396801,0.925291017197269,5,AUTHOR_MISCONDUCT,3660.0,36600.0,lag_band,fast (<1y),publications,subgroup_contrast,,,
k+6:AUTHOR_MISCONDUCT,-0.12438406259618356,0.6771796867371527,0.8542648498197103,6,AUTHOR_MISCONDUCT,3660.0,36600.0,lag_band,fast (<1y),publications,subgroup_contrast,,,
k-3:HONEST_ERROR,0.5077925762311971,0.30560311590977524,0.09659140219705886,-3,HONEST_ERROR,3660.0,36600.0,lag_band,fast (<1y),publications,subgroup_contrast,,,
k+0:HONEST_ERROR,-1.0243580066162108,0.5282971196511146,0.05250366806687223,0,HONEST_ERROR,3660.0,36600.0,lag_band,fast (<1y),publications,subgroup_contrast,,,
k+1:HONEST_ERROR,-1.4294199895639408,0.4700420389903135,0.002357569315172281,1,HONEST_ERROR,3660.0,36600.0,lag_band,fast (<1y),publications,subgroup_contrast,,,
k+2:HONEST_ERROR,-0.3681726302350884,0.4371373202841912,0.3996560687634996,2,HONEST_ERROR,3660.0,36600.0,lag_band,fast (<1y),publications,subgroup_contrast,,,
k+3:HONEST_ERROR,-0.10879463810770368,0.6652514263773824,0.8700939682055793,3,HONEST_ERROR,3660.0,36600.0,lag_band,fast (<1y),publications,subgroup_contrast,,,
k+4:HONEST_ERROR,-0.8060382080417945,0.7524081898182614,0.28404452810825354,4,HONEST_ERROR,3660.0,36600.0,lag_band,fast (<1y),publications,subgroup_contrast,,,
k+5:HONEST_ERROR,0.25743010137140493,0.736552312092952,0.7267088057809441,5,HONEST_ERROR,3660.0,36600.0,lag_band,fast (<1y),publications,subgroup_contrast,,,
k+6:HONEST_ERROR,0.3748040710663787,0.7300018435752984,0.6076513076992713,6,HONEST_ERROR,3660.0,36600.0,lag_band,fast (<1y),publications,subgroup_contrast,,,
k-3:AUTHOR_MISCONDUCT,0.008656504347555813,0.014887396816547013,0.5609269123519991,-3,AUTHOR_MISCONDUCT,7057.0,70570.0,lag_band,medium (1-3y),active,subgroup_contrast,,,
k+0:AUTHOR_MISCONDUCT,0.0058933066809639285,0.013922048596959816,0.6720709704292447,0,AUTHOR_MISCONDUCT,7057.0,70570.0,lag_band,medium (1-3y),active,subgroup_contrast,,,
k+1:AUTHOR_MISCONDUCT,-0.01619484470802847,0.016705047365938364,0.33231663937941414,1,AUTHOR_MISCONDUCT,7057.0,70570.0,lag_band,medium (1-3y),active,subgroup_contrast,,,
k+2:AUTHOR_MISCONDUCT,-0.02332766308580754,0.017538295847136065,0.18348578050101239,2,AUTHOR_MISCONDUCT,7057.0,70570.0,lag_band,medium (1-3y),active,subgroup_contrast,,,
k+3:AUTHOR_MISCONDUCT,-0.04482937408851481,0.015306795969181644,0.003403569679472529,3,AUTHOR_MISCONDUCT,7057.0,70570.0,lag_band,medium (1-3y),active,subgroup_contrast,,,
k+4:AUTHOR_MISCONDUCT,-0.040604488100204554,0.016239529500938595,0.012407108239191,4,AUTHOR_MISCONDUCT,7057.0,70570.0,lag_band,medium (1-3y),active,subgroup_contrast,,,
k+5:AUTHOR_MISCONDUCT,-0.04968615069620724,0.012438553703611792,6.482326856538378e-05,5,AUTHOR_MISCONDUCT,7057.0,70570.0,lag_band,medium (1-3y),active,subgroup_contrast,,,
k+6:AUTHOR_MISCONDUCT,-0.03738215482644172,0.01599672336417836,0.019446296162964005,6,AUTHOR_MISCONDUCT,7057.0,70570.0,lag_band,medium (1-3y),active,subgroup_contrast,,,
k-3:HONEST_ERROR,0.023595038536726225,0.015479716505852998,0.12744497109938924,-3,HONEST_ERROR,7057.0,70570.0,lag_band,medium (1-3y),active,subgroup_contrast,,,
k+0:HONEST_ERROR,0.01511824242988455,0.014888850136452136,0.3099118647104837,0,HONEST_ERROR,7057.0,70570.0,lag_band,medium (1-3y),active,subgroup_contrast,,,
k+1:HONEST_ERROR,0.013038446846278029,0.016534658718465607,0.43037358916032376,1,HONEST_ERROR,7057.0,70570.0,lag_band,medium (1-3y),active,subgroup_contrast,,,
k+2:HONEST_ERROR,0.011186244266035324,0.01806100129841388,0.5356798640907912,2,HONEST_ERROR,7057.0,70570.0,lag_band,medium (1-3y),active,subgroup_contrast,,,
k+3:HONEST_ERROR,-0.012491774230310292,0.0155539869008703,0.42190328808128164,3,HONEST_ERROR,7057.0,70570.0,lag_band,medium (1-3y),active,subgroup_contrast,,,
k+4:HONEST_ERROR,-0.029107026492598245,0.017319791366654163,0.0928475364021113,4,HONEST_ERROR,7057.0,70570.0,lag_band,medium (1-3y),active,subgroup_contrast,,,
k+5:HONEST_ERROR,-0.021185891159827712,0.013590883894420551,0.11903638444316167,5,HONEST_ERROR,7057.0,70570.0,lag_band,medium (1-3y),active,subgroup_contrast,,,
k+6:HONEST_ERROR,-0.023823594557030203,0.01667578510729139,0.15310943971661306,6,HONEST_ERROR,7057.0,70570.0,lag_band,medium (1-3y),active,subgroup_contrast,,,
k-3:AUTHOR_MISCONDUCT,-0.12297785073350653,0.23482854149848198,0.6004927150672612,-3,AUTHOR_MISCONDUCT,7057.0,70570.0,lag_band,medium (1-3y),publications,subgroup_contrast,,,
k+0:AUTHOR_MISCONDUCT,-0.1377851395388353,0.19738772413181832,0.4851502383595503,0,AUTHOR_MISCONDUCT,7057.0,70570.0,lag_band,medium (1-3y),publications,subgroup_contrast,,,
k+1:AUTHOR_MISCONDUCT,0.16725123167925143,0.2274351579908898,0.4621081919405614,1,AUTHOR_MISCONDUCT,7057.0,70570.0,lag_band,medium (1-3y),publications,subgroup_contrast,,,
k+2:AUTHOR_MISCONDUCT,0.03715986788543685,0.27764556526931033,0.8935297074285464,2,AUTHOR_MISCONDUCT,7057.0,70570.0,lag_band,medium (1-3y),publications,subgroup_contrast,,,
k+3:AUTHOR_MISCONDUCT,-0.10310418473092553,0.3107447456763243,0.7400425245859217,3,AUTHOR_MISCONDUCT,7057.0,70570.0,lag_band,medium (1-3y),publications,subgroup_contrast,,,
k+4:AUTHOR_MISCONDUCT,0.193334149672477,0.3788075086898859,0.6097882735201778,4,AUTHOR_MISCONDUCT,7057.0,70570.0,lag_band,medium (1-3y),publications,subgroup_contrast,,,
k+5:AUTHOR_MISCONDUCT,0.4071545506494362,0.5378986045931964,0.4490885041762174,5,AUTHOR_MISCONDUCT,7057.0,70570.0,lag_band,medium (1-3y),publications,subgroup_contrast,,,
k+6:AUTHOR_MISCONDUCT,0.6018311369397951,0.9478600985422085,0.5254697180474537,6,AUTHOR_MISCONDUCT,7057.0,70570.0,lag_band,medium (1-3y),publications,subgroup_contrast,,,
k-3:HONEST_ERROR,0.3479882576134404,0.2569388733563291,0.17562090083686455,-3,HONEST_ERROR,7057.0,70570.0,lag_band,medium (1-3y),publications,subgroup_contrast,,,
k+0:HONEST_ERROR,0.336663820416604,0.26232406009522796,0.1993558160519755,0,HONEST_ERROR,7057.0,70570.0,lag_band,medium (1-3y),publications,subgroup_contrast,,,
k+1:HONEST_ERROR,0.6460452104352519,0.28397271750608033,0.02290439239765263,1,HONEST_ERROR,7057.0,70570.0,lag_band,medium (1-3y),publications,subgroup_contrast,,,
k+2:HONEST_ERROR,0.5293281993830283,0.3281091559286086,0.10668616479271864,2,HONEST_ERROR,7057.0,70570.0,lag_band,medium (1-3y),publications,subgroup_contrast,,,
k+3:HONEST_ERROR,0.10399571778468092,0.3299771665394023,0.7526399122118606,3,HONEST_ERROR,7057.0,70570.0,lag_band,medium (1-3y),publications,subgroup_contrast,,,
k+4:HONEST_ERROR,1.1175938379756183,0.9515895494070203,0.2402150418726796,4,HONEST_ERROR,7057.0,70570.0,lag_band,medium (1-3y),publications,subgroup_contrast,,,
k+5:HONEST_ERROR,0.4218468417859569,0.6281454184332715,0.5018542146428975,5,HONEST_ERROR,7057.0,70570.0,lag_band,medium (1-3y),publications,subgroup_contrast,,,
k+6:HONEST_ERROR,0.27833613143255914,0.9611791360245563,0.7721392591845113,6,HONEST_ERROR,7057.0,70570.0,lag_band,medium (1-3y),publications,subgroup_contrast,,,
k-3:AUTHOR_MISCONDUCT,-0.03806902462680916,0.020902312138181507,0.06856385746574234,-3,AUTHOR_MISCONDUCT,6577.0,65770.0,lag_band,slow (3y+),active,subgroup_contrast,,,
k+0:AUTHOR_MISCONDUCT,0.08689202855720146,0.025814553849415542,0.000762641346956805,0,AUTHOR_MISCONDUCT,6577.0,65770.0,lag_band,slow (3y+),active,subgroup_contrast,,,
k+1:AUTHOR_MISCONDUCT,-0.007929796013573982,0.014219164855236789,0.577060411929528,1,AUTHOR_MISCONDUCT,6577.0,65770.0,lag_band,slow (3y+),active,subgroup_contrast,,,
k+2:AUTHOR_MISCONDUCT,-0.012876688601102193,0.014925545045936977,0.3882869242110156,2,AUTHOR_MISCONDUCT,6577.0,65770.0,lag_band,slow (3y+),active,subgroup_contrast,,,
k+3:AUTHOR_MISCONDUCT,-0.03112984928833203,0.018392281449919227,0.09054122437779588,3,AUTHOR_MISCONDUCT,6577.0,65770.0,lag_band,slow (3y+),active,subgroup_contrast,,,
k+4:AUTHOR_MISCONDUCT,-0.003596046212405505,0.021470216480083893,0.8669845279075383,4,AUTHOR_MISCONDUCT,6577.0,65770.0,lag_band,slow (3y+),active,subgroup_contrast,,,
k+5:AUTHOR_MISCONDUCT,-0.032264353217172144,0.02124452601606517,0.1288345706340781,5,AUTHOR_MISCONDUCT,6577.0,65770.0,lag_band,slow (3y+),active,subgroup_contrast,,,
k+6:AUTHOR_MISCONDUCT,-0.025646758676041798,0.02133705753422127,0.22937050959061933,6,AUTHOR_MISCONDUCT,6577.0,65770.0,lag_band,slow (3y+),active,subgroup_contrast,,,
k-3:HONEST_ERROR,-0.013843158889736123,0.025165011336448436,0.5822538894793181,-3,HONEST_ERROR,6577.0,65770.0,lag_band,slow (3y+),active,subgroup_contrast,,,
k+0:HONEST_ERROR,0.10456835370831674,0.026222887304385514,6.672396637652511e-05,0,HONEST_ERROR,6577.0,65770.0,lag_band,slow (3y+),active,subgroup_contrast,,,
k+1:HONEST_ERROR,0.01063141952554553,0.017387812814287747,0.5409153604457442,1,HONEST_ERROR,6577.0,65770.0,lag_band,slow (3y+),active,subgroup_contrast,,,
k+2:HONEST_ERROR,-0.00552215362234592,0.017877545121928157,0.757406960896728,2,HONEST_ERROR,6577.0,65770.0,lag_band,slow (3y+),active,subgroup_contrast,,,
k+3:HONEST_ERROR,-0.031710362486135936,0.02110503179297512,0.13296738945110986,3,HONEST_ERROR,6577.0,65770.0,lag_band,slow (3y+),active,subgroup_contrast,,,
k+4:HONEST_ERROR,-0.022613948225640324,0.02363882497198338,0.3387467982725241,4,HONEST_ERROR,6577.0,65770.0,lag_band,slow (3y+),active,subgroup_contrast,,,
k+5:HONEST_ERROR,-0.0269489764484166,0.023189433831223336,0.24518547042744698,5,HONEST_ERROR,6577.0,65770.0,lag_band,slow (3y+),active,subgroup_contrast,,,
k+6:HONEST_ERROR,-0.03380701218048276,0.024235271780790112,0.1630306713164038,6,HONEST_ERROR,6577.0,65770.0,lag_band,slow (3y+),active,subgroup_contrast,,,
k-3:AUTHOR_MISCONDUCT,0.11114481038641655,0.40329704728897053,0.7828626538189583,-3,AUTHOR_MISCONDUCT,6577.0,65770.0,lag_band,slow (3y+),publications,subgroup_contrast,,,
k+0:AUTHOR_MISCONDUCT,0.36675289310582915,0.17751886798484354,0.03882905838302064,0,AUTHOR_MISCONDUCT,6577.0,65770.0,lag_band,slow (3y+),publications,subgroup_contrast,,,
k+1:AUTHOR_MISCONDUCT,-0.02211627078062456,0.3746925384510032,0.9529321028104119,1,AUTHOR_MISCONDUCT,6577.0,65770.0,lag_band,slow (3y+),publications,subgroup_contrast,,,
k+2:AUTHOR_MISCONDUCT,-0.49799926367652403,0.41382742064090705,0.22882217946587757,2,AUTHOR_MISCONDUCT,6577.0,65770.0,lag_band,slow (3y+),publications,subgroup_contrast,,,
k+3:AUTHOR_MISCONDUCT,-0.759942350086177,0.7565053532183441,0.31511683290688364,3,AUTHOR_MISCONDUCT,6577.0,65770.0,lag_band,slow (3y+),publications,subgroup_contrast,,,
k+4:AUTHOR_MISCONDUCT,-0.38620404577618717,0.6246129932550863,0.5363714482300146,4,AUTHOR_MISCONDUCT,6577.0,65770.0,lag_band,slow (3y+),publications,subgroup_contrast,,,
k+5:AUTHOR_MISCONDUCT,-0.286488120315301,0.9133055795155952,0.7537620745619589,5,AUTHOR_MISCONDUCT,6577.0,65770.0,lag_band,slow (3y+),publications,subgroup_contrast,,,
k+6:AUTHOR_MISCONDUCT,-1.1836723215889897,1.4502161455778586,0.41438342895226477,6,AUTHOR_MISCONDUCT,6577.0,65770.0,lag_band,slow (3y+),publications,subgroup_contrast,,,
k-3:HONEST_ERROR,0.2675553415958253,0.46982236756978324,0.5690291404025336,-3,HONEST_ERROR,6577.0,65770.0,lag_band,slow (3y+),publications,subgroup_contrast,,,
k+0:HONEST_ERROR,0.43089489459946845,0.22596824155992334,0.05653579953555621,0,HONEST_ERROR,6577.0,65770.0,lag_band,slow (3y+),publications,subgroup_contrast,,,
k+1:HONEST_ERROR,0.1791692581960362,0.4332271616042887,0.6791898914217791,1,HONEST_ERROR,6577.0,65770.0,lag_band,slow (3y+),publications,subgroup_contrast,,,
k+2:HONEST_ERROR,-0.06699030035964693,0.4450002423764879,0.8803386589039577,2,HONEST_ERROR,6577.0,65770.0,lag_band,slow (3y+),publications,subgroup_contrast,,,
k+3:HONEST_ERROR,-0.47436582203303185,0.776984120043862,0.5415161400477735,3,HONEST_ERROR,6577.0,65770.0,lag_band,slow (3y+),publications,subgroup_contrast,,,
k+4:HONEST_ERROR,-0.3287013773464942,0.8224236785782846,0.689396630200726,4,HONEST_ERROR,6577.0,65770.0,lag_band,slow (3y+),publications,subgroup_contrast,,,
k+5:HONEST_ERROR,-0.11184923331720659,0.9619245064748254,0.9074333943559918,5,HONEST_ERROR,6577.0,65770.0,lag_band,slow (3y+),publications,subgroup_contrast,,,
k+6:HONEST_ERROR,-0.9652465671752762,1.4957292708436527,0.5187100647928917,6,HONEST_ERROR,6577.0,65770.0,lag_band,slow (3y+),publications,subgroup_contrast,,,
,,0.0644,0.9475,-3,AUTHOR_MISCONDUCT,,,career_band,mid (5-10y),active,heterogeneity_test,early (<5y),-0.0042,-0.066
,,0.0578,0.8726,-3,AUTHOR_MISCONDUCT,,,career_band,senior (10-20y),active,heterogeneity_test,early (<5y),-0.0093,-0.16
,,0.0575,0.8549,-3,AUTHOR_MISCONDUCT,,,career_band,veteran (20y+),active,heterogeneity_test,early (<5y),-0.0105,-0.183
,,0.0633,0.7645,0,AUTHOR_MISCONDUCT,,,career_band,mid (5-10y),active,heterogeneity_test,early (<5y),0.019,0.3
,,0.0618,0.7044,0,AUTHOR_MISCONDUCT,,,career_band,senior (10-20y),active,heterogeneity_test,early (<5y),0.0235,0.379
,,0.0578,0.7523,0,AUTHOR_MISCONDUCT,,,career_band,veteran (20y+),active,heterogeneity_test,early (<5y),-0.0183,-0.316
,,0.0642,0.259,1,AUTHOR_MISCONDUCT,,,career_band,mid (5-10y),active,heterogeneity_test,early (<5y),0.0725,1.129
,,0.0607,0.0412,1,AUTHOR_MISCONDUCT,,,career_band,senior (10-20y),active,heterogeneity_test,early (<5y),0.124,2.042
,,0.0582,0.0615,1,AUTHOR_MISCONDUCT,,,career_band,veteran (20y+),active,heterogeneity_test,early (<5y),0.1088,1.87
,,0.0602,0.4298,2,AUTHOR_MISCONDUCT,,,career_band,mid (5-10y),active,heterogeneity_test,early (<5y),0.0475,0.79
,,0.0528,0.1647,2,AUTHOR_MISCONDUCT,,,career_band,senior (10-20y),active,heterogeneity_test,early (<5y),0.0734,1.389
,,0.0525,0.0944,2,AUTHOR_MISCONDUCT,,,career_band,veteran (20y+),active,heterogeneity_test,early (<5y),0.0879,1.673
,,0.0786,0.9272,3,AUTHOR_MISCONDUCT,,,career_band,mid (5-10y),active,heterogeneity_test,early (<5y),0.0072,0.091
,,0.0732,0.5333,3,AUTHOR_MISCONDUCT,,,career_band,senior (10-20y),active,heterogeneity_test,early (<5y),0.0456,0.623
,,0.073,0.4278,3,AUTHOR_MISCONDUCT,,,career_band,veteran (20y+),active,heterogeneity_test,early (<5y),0.0579,0.793
,,0.07,0.4958,4,AUTHOR_MISCONDUCT,,,career_band,mid (5-10y),active,heterogeneity_test,early (<5y),-0.0477,-0.681
,,0.0647,0.8308,4,AUTHOR_MISCONDUCT,,,career_band,senior (10-20y),active,heterogeneity_test,early (<5y),0.0138,0.214
,,0.0653,0.7498,4,AUTHOR_MISCONDUCT,,,career_band,veteran (20y+),active,heterogeneity_test,early (<5y),0.0208,0.319
,,0.07,0.6357,5,AUTHOR_MISCONDUCT,,,career_band,mid (5-10y),active,heterogeneity_test,early (<5y),0.0331,0.474
,,0.0636,0.4558,5,AUTHOR_MISCONDUCT,,,career_band,senior (10-20y),active,heterogeneity_test,early (<5y),0.0474,0.746
,,0.0638,0.2062,5,AUTHOR_MISCONDUCT,,,career_band,veteran (20y+),active,heterogeneity_test,early (<5y),0.0807,1.264
,,0.067,0.9755,6,AUTHOR_MISCONDUCT,,,career_band,mid (5-10y),active,heterogeneity_test,early (<5y),0.0021,0.031
,,0.0627,0.5506,6,AUTHOR_MISCONDUCT,,,career_band,senior (10-20y),active,heterogeneity_test,early (<5y),0.0374,0.597
,,0.063,0.5332,6,AUTHOR_MISCONDUCT,,,career_band,veteran (20y+),active,heterogeneity_test,early (<5y),0.0393,0.623
,,0.0675,0.4142,-3,HONEST_ERROR,,,career_band,mid (5-10y),active,heterogeneity_test,early (<5y),0.0551,0.817
,,0.06,0.2913,-3,HONEST_ERROR,,,career_band,senior (10-20y),active,heterogeneity_test,early (<5y),0.0633,1.055
,,0.0595,0.5075,-3,HONEST_ERROR,,,career_band,veteran (20y+),active,heterogeneity_test,early (<5y),0.0394,0.663
,,0.0681,0.888,0,HONEST_ERROR,,,career_band,mid (5-10y),active,heterogeneity_test,early (<5y),-0.0096,-0.141
,,0.0653,0.8705,0,HONEST_ERROR,,,career_band,senior (10-20y),active,heterogeneity_test,early (<5y),-0.0106,-0.163
,,0.0619,0.2414,0,HONEST_ERROR,,,career_band,veteran (20y+),active,heterogeneity_test,early (<5y),-0.0725,-1.171
,,0.0683,0.652,1,HONEST_ERROR,,,career_band,mid (5-10y),active,heterogeneity_test,early (<5y),0.0308,0.451
,,0.064,0.2739,1,HONEST_ERROR,,,career_band,senior (10-20y),active,heterogeneity_test,early (<5y),0.07,1.094
,,0.062,0.4118,1,HONEST_ERROR,,,career_band,veteran (20y+),active,heterogeneity_test,early (<5y),0.0509,0.821
,,0.0671,0.3889,2,HONEST_ERROR,,,career_band,mid (5-10y),active,heterogeneity_test,early (<5y),0.0578,0.862
,,0.06,0.2524,2,HONEST_ERROR,,,career_band,senior (10-20y),active,heterogeneity_test,early (<5y),0.0687,1.145
,,0.0594,0.2389,2,HONEST_ERROR,,,career_band,veteran (20y+),active,heterogeneity_test,early (<5y),0.07,1.178
,,0.0826,0.9515,3,HONEST_ERROR,,,career_band,mid (5-10y),active,heterogeneity_test,early (<5y),0.005,0.061
,,0.0766,0.774,3,HONEST_ERROR,,,career_band,senior (10-20y),active,heterogeneity_test,early (<5y),0.022,0.287
,,0.0764,0.7514,3,HONEST_ERROR,,,career_band,veteran (20y+),active,heterogeneity_test,early (<5y),0.0242,0.317
,,0.075,0.8719,4,HONEST_ERROR,,,career_band,mid (5-10y),active,heterogeneity_test,early (<5y),-0.0121,-0.161
,,0.0696,0.551,4,HONEST_ERROR,,,career_band,senior (10-20y),active,heterogeneity_test,early (<5y),0.0415,0.596
,,0.0698,0.5008,4,HONEST_ERROR,,,career_band,veteran (20y+),active,heterogeneity_test,early (<5y),0.047,0.673
,,0.0764,0.3562,5,HONEST_ERROR,,,career_band,mid (5-10y),active,heterogeneity_test,early (<5y),0.0705,0.923
,,0.0696,0.4091,5,HONEST_ERROR,,,career_band,senior (10-20y),active,heterogeneity_test,early (<5y),0.0574,0.825
,,0.0696,0.2644,5,HONEST_ERROR,,,career_band,veteran (20y+),active,heterogeneity_test,early (<5y),0.0776,1.116
,,0.0718,0.5127,6,HONEST_ERROR,,,career_band,mid (5-10y),active,heterogeneity_test,early (<5y),0.047,0.655
,,0.067,0.4037,6,HONEST_ERROR,,,career_band,senior (10-20y),active,heterogeneity_test,early (<5y),0.0559,0.835
,,0.0671,0.3932,6,HONEST_ERROR,,,career_band,veteran (20y+),active,heterogeneity_test,early (<5y),0.0573,0.854
,,0.0222,0.2344,-3,AUTHOR_MISCONDUCT,,,lag_band,medium (1-3y),active,heterogeneity_test,fast (<1y),-0.0264,-1.189
,,0.0266,0.006,-3,AUTHOR_MISCONDUCT,,,lag_band,slow (3y+),active,heterogeneity_test,fast (<1y),-0.0731,-2.749
,,0.0228,0.1655,0,AUTHOR_MISCONDUCT,,,lag_band,medium (1-3y),active,heterogeneity_test,fast (<1y),-0.0317,-1.387
,,0.0315,0.1179,0,AUTHOR_MISCONDUCT,,,lag_band,slow (3y+),active,heterogeneity_test,fast (<1y),0.0493,1.564
,,0.0269,0.5422,1,AUTHOR_MISCONDUCT,,,lag_band,medium (1-3y),active,heterogeneity_test,fast (<1y),0.0164,0.609
,,0.0254,0.3318,1,AUTHOR_MISCONDUCT,,,lag_band,slow (3y+),active,heterogeneity_test,fast (<1y),0.0246,0.97
,,0.0294,0.1956,2,AUTHOR_MISCONDUCT,,,lag_band,medium (1-3y),active,heterogeneity_test,fast (<1y),-0.038,-1.294
,,0.0279,0.3231,2,AUTHOR_MISCONDUCT,,,lag_band,slow (3y+),active,heterogeneity_test,fast (<1y),-0.0275,-0.988
,,0.031,0.0686,3,AUTHOR_MISCONDUCT,,,lag_band,medium (1-3y),active,heterogeneity_test,fast (<1y),-0.0565,-1.821
,,0.0327,0.19,3,AUTHOR_MISCONDUCT,,,lag_band,slow (3y+),active,heterogeneity_test,fast (<1y),-0.0428,-1.31
,,0.0279,0.278,4,AUTHOR_MISCONDUCT,,,lag_band,medium (1-3y),active,heterogeneity_test,fast (<1y),-0.0302,-1.085
,,0.0312,0.828,4,AUTHOR_MISCONDUCT,,,lag_band,slow (3y+),active,heterogeneity_test,fast (<1y),0.0068,0.217
,,0.0364,0.1163,5,AUTHOR_MISCONDUCT,,,lag_band,medium (1-3y),active,heterogeneity_test,fast (<1y),-0.0571,-1.571
,,0.0402,0.3238,5,AUTHOR_MISCONDUCT,,,lag_band,slow (3y+),active,heterogeneity_test,fast (<1y),-0.0397,-0.987
,,0.0332,0.1162,6,AUTHOR_MISCONDUCT,,,lag_band,medium (1-3y),active,heterogeneity_test,fast (<1y),-0.0522,-1.571
,,0.0361,0.2623,6,AUTHOR_MISCONDUCT,,,lag_band,slow (3y+),active,heterogeneity_test,fast (<1y),-0.0405,-1.121
,,0.0226,0.7697,-3,HONEST_ERROR,,,lag_band,medium (1-3y),active,heterogeneity_test,fast (<1y),-0.0066,-0.293
,,0.0301,0.1428,-3,HONEST_ERROR,,,lag_band,slow (3y+),active,heterogeneity_test,fast (<1y),-0.044,-1.465
,,0.0234,0.5872,0,HONEST_ERROR,,,lag_band,medium (1-3y),active,heterogeneity_test,fast (<1y),0.0127,0.543
,,0.0318,0.0013,0,HONEST_ERROR,,,lag_band,slow (3y+),active,heterogeneity_test,fast (<1y),0.1021,3.211
,,0.0265,0.1021,1,HONEST_ERROR,,,lag_band,medium (1-3y),active,heterogeneity_test,fast (<1y),0.0433,1.635
,,0.027,0.1303,1,HONEST_ERROR,,,lag_band,slow (3y+),active,heterogeneity_test,fast (<1y),0.0409,1.513
,,0.0295,0.6305,2,HONEST_ERROR,,,lag_band,medium (1-3y),active,heterogeneity_test,fast (<1y),0.0142,0.481
,,0.0294,0.9323,2,HONEST_ERROR,,,lag_band,slow (3y+),active,heterogeneity_test,fast (<1y),-0.0025,-0.085
,,0.031,0.4059,3,HONEST_ERROR,,,lag_band,medium (1-3y),active,heterogeneity_test,fast (<1y),-0.0258,-0.831
,,0.0341,0.1875,3,HONEST_ERROR,,,lag_band,slow (3y+),active,heterogeneity_test,fast (<1y),-0.045,-1.318
,,0.0285,0.3336,4,HONEST_ERROR,,,lag_band,medium (1-3y),active,heterogeneity_test,fast (<1y),-0.0276,-0.967
,,0.0327,0.5199,4,HONEST_ERROR,,,lag_band,slow (3y+),active,heterogeneity_test,fast (<1y),-0.0211,-0.644
,,0.0369,0.2151,5,HONEST_ERROR,,,lag_band,medium (1-3y),active,heterogeneity_test,fast (<1y),-0.0458,-1.24
,,0.0414,0.2136,5,HONEST_ERROR,,,lag_band,slow (3y+),active,heterogeneity_test,fast (<1y),-0.0515,-1.244
,,0.0344,0.1401,6,HONEST_ERROR,,,lag_band,medium (1-3y),active,heterogeneity_test,fast (<1y),-0.0508,-1.475
,,0.0386,0.1159,6,HONEST_ERROR,,,lag_band,slow (3y+),active,heterogeneity_test,fast (<1y),-0.0607,-1.572
,,0.0344,0.1679,-3,AUTHOR_MISCONDUCT,,,subject_group,BLS,active,heterogeneity_test,B/T,-0.0474,-1.379
,,0.0612,0.2784,-3,AUTHOR_MISCONDUCT,,,subject_group,ENV,active,heterogeneity_test,B/T,-0.0663,-1.084
,,0.0388,0.3572,-3,AUTHOR_MISCONDUCT,,,subject_group,HSC,active,heterogeneity_test,B/T,-0.0358,-0.921
,,0.04,0.0505,-3,AUTHOR_MISCONDUCT,,,subject_group,PHY,active,heterogeneity_test,B/T,-0.0782,-1.956
,,0.1035,0.5252,-3,AUTHOR_MISCONDUCT,,,subject_group,SOC,active,heterogeneity_test,B/T,-0.0658,-0.635
,,0.0675,0.673,0,AUTHOR_MISCONDUCT,,,subject_group,BLS,active,heterogeneity_test,B/T,0.0285,0.422
,,0.093,0.8049,0,AUTHOR_MISCONDUCT,,,subject_group,ENV,active,heterogeneity_test,B/T,-0.023,-0.247
,,0.0667,0.567,0,AUTHOR_MISCONDUCT,,,subject_group,HSC,active,heterogeneity_test,B/T,-0.0382,-0.573
,,0.0675,0.4696,0,AUTHOR_MISCONDUCT,,,subject_group,PHY,active,heterogeneity_test,B/T,0.0488,0.723
,,0.1346,0.4039,0,AUTHOR_MISCONDUCT,,,subject_group,SOC,active,heterogeneity_test,B/T,0.1124,0.835
,,0.0631,0.4974,1,AUTHOR_MISCONDUCT,,,subject_group,BLS,active,heterogeneity_test,B/T,0.0428,0.679
,,0.0845,0.4041,1,AUTHOR_MISCONDUCT,,,subject_group,ENV,active,heterogeneity_test,B/T,-0.0705,-0.834
,,0.0647,0.942,1,AUTHOR_MISCONDUCT,,,subject_group,HSC,active,heterogeneity_test,B/T,0.0047,0.073
,,0.0671,0.8109,1,AUTHOR_MISCONDUCT,,,subject_group,PHY,active,heterogeneity_test,B/T,0.0161,0.239
,,0.1301,0.8085,1,AUTHOR_MISCONDUCT,,,subject_group,SOC,active,heterogeneity_test,B/T,0.0315,0.242
,,0.0604,0.9907,2,AUTHOR_MISCONDUCT,,,subject_group,BLS,active,heterogeneity_test,B/T,-0.0007,-0.012
,,0.0869,0.84,2,AUTHOR_MISCONDUCT,,,subject_group,ENV,active,heterogeneity_test,B/T,-0.0176,-0.202
,,0.0649,0.7688,2,AUTHOR_MISCONDUCT,,,subject_group,HSC,active,heterogeneity_test,B/T,0.0191,0.294
,,0.0639,0.8714,2,AUTHOR_MISCONDUCT,,,subject_group,PHY,active,heterogeneity_test,B/T,0.0103,0.162
,,0.0937,0.869,2,AUTHOR_MISCONDUCT,,,subject_group,SOC,active,heterogeneity_test,B/T,0.0155,0.165
,,0.0558,0.404,3,AUTHOR_MISCONDUCT,,,subject_group,BLS,active,heterogeneity_test,B/T,0.0465,0.835
,,0.0832,0.6777,3,AUTHOR_MISCONDUCT,,,subject_group,ENV,active,heterogeneity_test,B/T,0.0346,0.416
,,0.0593,0.2436,3,AUTHOR_MISCONDUCT,,,subject_group,HSC,active,heterogeneity_test,B/T,0.0692,1.166
,,0.0598,0.1933,3,AUTHOR_MISCONDUCT,,,subject_group,PHY,active,heterogeneity_test,B/T,0.0778,1.301
,,0.1054,0.2661,3,AUTHOR_MISCONDUCT,,,subject_group,SOC,active,heterogeneity_test,B/T,0.1172,1.112
,,0.0483,0.5381,4,AUTHOR_MISCONDUCT,,,subject_group,BLS,active,heterogeneity_test,B/T,0.0297,0.616
,,0.0866,0.4825,4,AUTHOR_MISCONDUCT,,,subject_group,ENV,active,heterogeneity_test,B/T,0.0608,0.702
,,0.0515,0.3417,4,AUTHOR_MISCONDUCT,,,subject_group,HSC,active,heterogeneity_test,B/T,0.0489,0.951
,,0.0544,0.3068,4,AUTHOR_MISCONDUCT,,,subject_group,PHY,active,heterogeneity_test,B/T,0.0556,1.022
,,0.1314,0.8014,4,AUTHOR_MISCONDUCT,,,subject_group,SOC,active,heterogeneity_test,B/T,0.033,0.252
,,0.0553,0.1907,5,AUTHOR_MISCONDUCT,,,subject_group,BLS,active,heterogeneity_test,B/T,0.0723,1.309
,,0.0918,0.5032,5,AUTHOR_MISCONDUCT,,,subject_group,ENV,active,heterogeneity_test,B/T,0.0615,0.669
,,0.0583,0.1886,5,AUTHOR_MISCONDUCT,,,subject_group,HSC,active,heterogeneity_test,B/T,0.0766,1.315
,,0.0585,0.238,5,AUTHOR_MISCONDUCT,,,subject_group,PHY,active,heterogeneity_test,B/T,0.069,1.18
,,0.1032,0.8137,5,AUTHOR_MISCONDUCT,,,subject_group,SOC,active,heterogeneity_test,B/T,0.0243,0.236
,,0.0504,0.1579,6,AUTHOR_MISCONDUCT,,,subject_group,BLS,active,heterogeneity_test,B/T,0.0712,1.412
,,0.0793,0.3862,6,AUTHOR_MISCONDUCT,,,subject_group,ENV,active,heterogeneity_test,B/T,0.0687,0.866
,,0.0552,0.3668,6,AUTHOR_MISCONDUCT,,,subject_group,HSC,active,heterogeneity_test,B/T,0.0499,0.902
,,0.0538,0.0815,6,AUTHOR_MISCONDUCT,,,subject_group,PHY,active,heterogeneity_test,B/T,0.0937,1.742
,,0.1074,0.4007,6,AUTHOR_MISCONDUCT,,,subject_group,SOC,active,heterogeneity_test,B/T,0.0903,0.84
,,0.0434,0.9585,-3,HONEST_ERROR,,,subject_group,BLS,active,heterogeneity_test,B/T,-0.0023,-0.052
,,0.0808,0.6271,-3,HONEST_ERROR,,,subject_group,ENV,active,heterogeneity_test,B/T,-0.0392,-0.486
,,0.0469,0.9408,-3,HONEST_ERROR,,,subject_group,HSC,active,heterogeneity_test,B/T,-0.0035,-0.074
,,0.0489,0.4665,-3,HONEST_ERROR,,,subject_group,PHY,active,heterogeneity_test,B/T,-0.0356,-0.728
,,0.094,0.8096,-3,HONEST_ERROR,,,subject_group,SOC,active,heterogeneity_test,B/T,0.0226,0.241
,,0.0702,0.8254,0,HONEST_ERROR,,,subject_group,BLS,active,heterogeneity_test,B/T,-0.0155,-0.221
,,0.0994,0.1353,0,HONEST_ERROR,,,subject_group,ENV,active,heterogeneity_test,B/T,-0.1485,-1.494
,,0.0702,0.4074,0,HONEST_ERROR,,,subject_group,HSC,active,heterogeneity_test,B/T,-0.0582,-0.829
,,0.073,0.6753,0,HONEST_ERROR,,,subject_group,PHY,active,heterogeneity_test,B/T,-0.0306,-0.419
,,0.1489,0.2761,0,HONEST_ERROR,,,subject_group,SOC,active,heterogeneity_test,B/T,0.1622,1.089
,,0.0681,0.3404,1,HONEST_ERROR,,,subject_group,BLS,active,heterogeneity_test,B/T,0.065,0.953
,,0.0908,0.5574,1,HONEST_ERROR,,,subject_group,ENV,active,heterogeneity_test,B/T,-0.0533,-0.587
,,0.0696,0.495,1,HONEST_ERROR,,,subject_group,HSC,active,heterogeneity_test,B/T,0.0475,0.682
,,0.0718,0.444,1,HONEST_ERROR,,,subject_group,PHY,active,heterogeneity_test,B/T,0.055,0.766
,,0.1322,0.4136,1,HONEST_ERROR,,,subject_group,SOC,active,heterogeneity_test,B/T,0.1081,0.818
,,0.0637,0.7243,2,HONEST_ERROR,,,subject_group,BLS,active,heterogeneity_test,B/T,-0.0225,-0.353
,,0.0897,0.3882,2,HONEST_ERROR,,,subject_group,ENV,active,heterogeneity_test,B/T,-0.0774,-0.863
,,0.0676,0.4465,2,HONEST_ERROR,,,subject_group,HSC,active,heterogeneity_test,B/T,0.0515,0.761
,,0.0674,0.9154,2,HONEST_ERROR,,,subject_group,PHY,active,heterogeneity_test,B/T,-0.0072,-0.106
,,0.1121,0.8262,2,HONEST_ERROR,,,subject_group,SOC,active,heterogeneity_test,B/T,-0.0246,-0.22
,,0.0611,0.8652,3,HONEST_ERROR,,,subject_group,BLS,active,heterogeneity_test,B/T,-0.0104,-0.17
,,0.0918,0.2526,3,HONEST_ERROR,,,subject_group,ENV,active,heterogeneity_test,B/T,-0.105,-1.144
,,0.0639,0.7424,3,HONEST_ERROR,,,subject_group,HSC,active,heterogeneity_test,B/T,0.021,0.329
,,0.0652,0.9903,3,HONEST_ERROR,,,subject_group,PHY,active,heterogeneity_test,B/T,0.0008,0.012
,,0.1017,0.7495,3,HONEST_ERROR,,,subject_group,SOC,active,heterogeneity_test,B/T,0.0325,0.319
,,0.0534,0.8332,4,HONEST_ERROR,,,subject_group,BLS,active,heterogeneity_test,B/T,-0.0112,-0.211
,,0.1013,0.9848,4,HONEST_ERROR,,,subject_group,ENV,active,heterogeneity_test,B/T,-0.0019,-0.019
,,0.0562,0.5236,4,HONEST_ERROR,,,subject_group,HSC,active,heterogeneity_test,B/T,0.0358,0.638
,,0.0593,0.5278,4,HONEST_ERROR,,,subject_group,PHY,active,heterogeneity_test,B/T,0.0374,0.631
,,0.1341,0.2255,4,HONEST_ERROR,,,subject_group,SOC,active,heterogeneity_test,B/T,0.1625,1.212
,,0.0618,0.3242,5,HONEST_ERROR,,,subject_group,BLS,active,heterogeneity_test,B/T,0.0609,0.986
,,0.0997,0.8701,5,HONEST_ERROR,,,subject_group,ENV,active,heterogeneity_test,B/T,-0.0163,-0.163
,,0.0638,0.1591,5,HONEST_ERROR,,,subject_group,HSC,active,heterogeneity_test,B/T,0.0898,1.408
,,0.0653,0.2667,5,HONEST_ERROR,,,subject_group,PHY,active,heterogeneity_test,B/T,0.0725,1.111
,,0.11,0.8675,5,HONEST_ERROR,,,subject_group,SOC,active,heterogeneity_test,B/T,0.0184,0.167
,,0.0591,0.5961,6,HONEST_ERROR,,,subject_group,BLS,active,heterogeneity_test,B/T,0.0313,0.53
,,0.0936,0.6947,6,HONEST_ERROR,,,subject_group,ENV,active,heterogeneity_test,B/T,0.0368,0.392
,,0.0628,0.6226,6,HONEST_ERROR,,,subject_group,HSC,active,heterogeneity_test,B/T,0.0309,0.492
,,0.0622,0.4564,6,HONEST_ERROR,,,subject_group,PHY,active,heterogeneity_test,B/T,0.0463,0.745
,,0.1137,0.5366,6,HONEST_ERROR,,,subject_group,SOC,active,heterogeneity_test,B/T,0.0703,0.618
,,0.382,0.5634,-3,AUTHOR_MISCONDUCT,,,career_band,mid (5-10y),publications,heterogeneity_test,early (<5y),0.2207,0.578
,,0.3892,0.7845,-3,AUTHOR_MISCONDUCT,,,career_band,senior (10-20y),publications,heterogeneity_test,early (<5y),0.1064,0.273
,,0.396,0.2735,-3,AUTHOR_MISCONDUCT,,,career_band,veteran (20y+),publications,heterogeneity_test,early (<5y),0.4335,1.095
,,0.9349,0.9661,0,AUTHOR_MISCONDUCT,,,career_band,mid (5-10y),publications,heterogeneity_test,early (<5y),0.0398,0.043
,,0.9061,0.3873,0,AUTHOR_MISCONDUCT,,,career_band,senior (10-20y),publications,heterogeneity_test,early (<5y),0.7834,0.865
,,0.8751,0.3339,0,AUTHOR_MISCONDUCT,,,career_band,veteran (20y+),publications,heterogeneity_test,early (<5y),0.8455,0.966
,,0.696,0.6675,1,AUTHOR_MISCONDUCT,,,career_band,mid (5-10y),publications,heterogeneity_test,early (<5y),-0.299,-0.43
,,0.5245,0.1756,1,AUTHOR_MISCONDUCT,,,career_band,senior (10-20y),publications,heterogeneity_test,early (<5y),0.7105,1.355
,,0.5197,0.0199,1,AUTHOR_MISCONDUCT,,,career_band,veteran (20y+),publications,heterogeneity_test,early (<5y),1.21,2.328
,,0.4735,0.8267,2,AUTHOR_MISCONDUCT,,,career_band,mid (5-10y),publications,heterogeneity_test,early (<5y),-0.1036,-0.219
,,0.4085,0.7692,2,AUTHOR_MISCONDUCT,,,career_band,senior (10-20y),publications,heterogeneity_test,early (<5y),0.1199,0.293
,,0.4606,0.2146,2,AUTHOR_MISCONDUCT,,,career_band,veteran (20y+),publications,heterogeneity_test,early (<5y),0.5716,1.241
,,0.5387,0.8576,3,AUTHOR_MISCONDUCT,,,career_band,mid (5-10y),publications,heterogeneity_test,early (<5y),0.0967,0.179
,,0.5762,0.5671,3,AUTHOR_MISCONDUCT,,,career_band,senior (10-20y),publications,heterogeneity_test,early (<5y),0.3298,0.572
,,0.6743,0.5547,3,AUTHOR_MISCONDUCT,,,career_band,veteran (20y+),publications,heterogeneity_test,early (<5y),0.3983,0.591
,,0.5616,0.5866,4,AUTHOR_MISCONDUCT,,,career_band,mid (5-10y),publications,heterogeneity_test,early (<5y),-0.3054,-0.544
,,0.5194,0.9659,4,AUTHOR_MISCONDUCT,,,career_band,senior (10-20y),publications,heterogeneity_test,early (<5y),0.0222,0.043
,,0.7808,0.4321,4,AUTHOR_MISCONDUCT,,,career_band,veteran (20y+),publications,heterogeneity_test,early (<5y),0.6134,0.786
,,0.6628,0.9474,5,AUTHOR_MISCONDUCT,,,career_band,mid (5-10y),publications,heterogeneity_test,early (<5y),0.0437,0.066
,,0.6612,0.933,5,AUTHOR_MISCONDUCT,,,career_band,senior (10-20y),publications,heterogeneity_test,early (<5y),0.0556,0.084
,,0.8909,0.0688,5,AUTHOR_MISCONDUCT,,,career_band,veteran (20y+),publications,heterogeneity_test,early (<5y),1.6213,1.82
,,0.7014,0.3792,6,AUTHOR_MISCONDUCT,,,career_band,mid (5-10y),publications,heterogeneity_test,early (<5y),0.6169,0.879
,,0.7082,0.788,6,AUTHOR_MISCONDUCT,,,career_band,senior (10-20y),publications,heterogeneity_test,early (<5y),0.1905,0.269
,,1.3253,0.5021,6,AUTHOR_MISCONDUCT,,,career_band,veteran (20y+),publications,heterogeneity_test,early (<5y),0.8895,0.671
,,0.5123,0.8697,-3,HONEST_ERROR,,,career_band,mid (5-10y),publications,heterogeneity_test,early (<5y),0.0841,0.164
,,0.4958,0.7457,-3,HONEST_ERROR,,,career_band,senior (10-20y),publications,heterogeneity_test,early (<5y),0.1608,0.324
,,0.4986,0.4058,-3,HONEST_ERROR,,,career_band,veteran (20y+),publications,heterogeneity_test,early (<5y),0.4146,0.831
,,0.9686,0.8179,0,HONEST_ERROR,,,career_band,mid (5-10y),publications,heterogeneity_test,early (<5y),-0.223,-0.23
,,0.9212,0.4573,0,HONEST_ERROR,,,career_band,senior (10-20y),publications,heterogeneity_test,early (<5y),0.6847,0.743
,,0.9124,0.5579,0,HONEST_ERROR,,,career_band,veteran (20y+),publications,heterogeneity_test,early (<5y),0.5347,0.586
,,0.7514,0.9258,1,HONEST_ERROR,,,career_band,mid (5-10y),publications,heterogeneity_test,early (<5y),-0.07,-0.093
,,0.5656,0.0859,1,HONEST_ERROR,,,career_band,senior (10-20y),publications,heterogeneity_test,early (<5y),0.9713,1.717
,,0.5972,0.0211,1,HONEST_ERROR,,,career_band,veteran (20y+),publications,heterogeneity_test,early (<5y),1.3774,2.306
,,0.5696,0.7934,2,HONEST_ERROR,,,career_band,mid (5-10y),publications,heterogeneity_test,early (<5y),0.1492,0.262
,,0.4968,0.3887,2,HONEST_ERROR,,,career_band,senior (10-20y),publications,heterogeneity_test,early (<5y),0.4282,0.862
,,0.5539,0.1385,2,HONEST_ERROR,,,career_band,veteran (20y+),publications,heterogeneity_test,early (<5y),0.8206,1.481
,,0.6139,0.4995,3,HONEST_ERROR,,,career_band,mid (5-10y),publications,heterogeneity_test,early (<5y),0.4145,0.675
,,0.6341,0.3716,3,HONEST_ERROR,,,career_band,senior (10-20y),publications,heterogeneity_test,early (<5y),0.5666,0.893
,,0.7351,0.4639,3,HONEST_ERROR,,,career_band,veteran (20y+),publications,heterogeneity_test,early (<5y),0.5384,0.732
,,0.6341,0.7568,4,HONEST_ERROR,,,career_band,mid (5-10y),publications,heterogeneity_test,early (<5y),0.1964,0.31
,,0.5693,0.5091,4,HONEST_ERROR,,,career_band,senior (10-20y),publications,heterogeneity_test,early (<5y),0.3758,0.66
,,1.2039,0.2738,4,HONEST_ERROR,,,career_band,veteran (20y+),publications,heterogeneity_test,early (<5y),1.3175,1.094
,,0.7279,0.9396,5,HONEST_ERROR,,,career_band,mid (5-10y),publications,heterogeneity_test,early (<5y),0.0551,0.076
,,0.7297,0.5834,5,HONEST_ERROR,,,career_band,senior (10-20y),publications,heterogeneity_test,early (<5y),0.4002,0.548
,,0.9715,0.2171,5,HONEST_ERROR,,,career_band,veteran (20y+),publications,heterogeneity_test,early (<5y),1.1991,1.234
,,0.7257,0.7274,6,HONEST_ERROR,,,career_band,mid (5-10y),publications,heterogeneity_test,early (<5y),0.2529,0.349
,,0.7768,0.6833,6,HONEST_ERROR,,,career_band,senior (10-20y),publications,heterogeneity_test,early (<5y),0.3169,0.408
,,1.3961,0.6343,6,HONEST_ERROR,,,career_band,veteran (20y+),publications,heterogeneity_test,early (<5y),0.6641,0.476
,,0.3739,0.1403,-3,AUTHOR_MISCONDUCT,,,lag_band,medium (1-3y),publications,heterogeneity_test,fast (<1y),-0.5515,-1.475
,,0.4973,0.5234,-3,AUTHOR_MISCONDUCT,,,lag_band,slow (3y+),publications,heterogeneity_test,fast (<1y),-0.3173,-0.638
,,0.5701,0.2599,0,AUTHOR_MISCONDUCT,,,lag_band,medium (1-3y),publications,heterogeneity_test,fast (<1y),0.6423,1.127
,,0.5635,0.0418,0,AUTHOR_MISCONDUCT,,,lag_band,slow (3y+),publications,heterogeneity_test,fast (<1y),1.1468,2.035
,,0.4984,0.0077,1,AUTHOR_MISCONDUCT,,,lag_band,medium (1-3y),publications,heterogeneity_test,fast (<1y),1.329,2.667
,,0.5806,0.0496,1,AUTHOR_MISCONDUCT,,,lag_band,slow (3y+),publications,heterogeneity_test,fast (<1y),1.1396,1.963
,,0.4989,0.1814,2,AUTHOR_MISCONDUCT,,,lag_band,medium (1-3y),publications,heterogeneity_test,fast (<1y),0.6668,1.337
,,0.5858,0.8221,2,AUTHOR_MISCONDUCT,,,lag_band,slow (3y+),publications,heterogeneity_test,fast (<1y),0.1317,0.225
,,0.6816,0.3864,3,AUTHOR_MISCONDUCT,,,lag_band,medium (1-3y),publications,heterogeneity_test,fast (<1y),0.5904,0.866
,,0.9697,0.9453,3,AUTHOR_MISCONDUCT,,,lag_band,slow (3y+),publications,heterogeneity_test,fast (<1y),-0.0665,-0.069
,,0.8618,0.5301,4,AUTHOR_MISCONDUCT,,,lag_band,medium (1-3y),publications,heterogeneity_test,fast (<1y),0.5411,0.628
,,0.9946,0.9692,4,AUTHOR_MISCONDUCT,,,lag_band,slow (3y+),publications,heterogeneity_test,fast (<1y),-0.0384,-0.039
,,0.8751,0.5897,5,AUTHOR_MISCONDUCT,,,lag_band,medium (1-3y),publications,heterogeneity_test,fast (<1y),0.4719,0.539
,,1.1448,0.8464,5,AUTHOR_MISCONDUCT,,,lag_band,slow (3y+),publications,heterogeneity_test,fast (<1y),-0.2218,-0.194
,,1.1649,0.533,6,AUTHOR_MISCONDUCT,,,lag_band,medium (1-3y),publications,heterogeneity_test,fast (<1y),0.7262,0.623
,,1.6005,0.5081,6,AUTHOR_MISCONDUCT,,,lag_band,slow (3y+),publications,heterogeneity_test,fast (<1y),-1.0593,-0.662
,,0.3993,0.689,-3,HONEST_ERROR,,,lag_band,medium (1-3y),publications,heterogeneity_test,fast (<1y),-0.1598,-0.4
,,0.5605,0.6682,-3,HONEST_ERROR,,,lag_band,slow (3y+),publications,heterogeneity_test,fast (<1y),-0.2402,-0.429
,,0.5898,0.021,0,HONEST_ERROR,,,lag_band,medium (1-3y),publications,heterogeneity_test,fast (<1y),1.361,2.307
,,0.5746,0.0113,0,HONEST_ERROR,,,lag_band,slow (3y+),publications,heterogeneity_test,fast (<1y),1.4553,2.533
,,0.5492,0.0002,1,HONEST_ERROR,,,lag_band,medium (1-3y),publications,heterogeneity_test,fast (<1y),2.0755,3.779
,,0.6392,0.0119,1,HONEST_ERROR,,,lag_band,slow (3y+),publications,heterogeneity_test,fast (<1y),1.6086,2.516
,,0.5466,0.1006,2,HONEST_ERROR,,,lag_band,medium (1-3y),publications,heterogeneity_test,fast (<1y),0.8975,1.642
,,0.6238,0.6292,2,HONEST_ERROR,,,lag_band,slow (3y+),publications,heterogeneity_test,fast (<1y),0.3012,0.483
,,0.7426,0.7745,3,HONEST_ERROR,,,lag_band,medium (1-3y),publications,heterogeneity_test,fast (<1y),0.2128,0.287
,,1.0229,0.7208,3,HONEST_ERROR,,,lag_band,slow (3y+),publications,heterogeneity_test,fast (<1y),-0.3656,-0.357
,,1.2131,0.1128,4,HONEST_ERROR,,,lag_band,medium (1-3y),publications,heterogeneity_test,fast (<1y),1.9236,1.586
,,1.1147,0.6685,4,HONEST_ERROR,,,lag_band,slow (3y+),publications,heterogeneity_test,fast (<1y),0.4773,0.428
,,0.968,0.8651,5,HONEST_ERROR,,,lag_band,medium (1-3y),publications,heterogeneity_test,fast (<1y),0.1644,0.17
,,1.2115,0.7605,5,HONEST_ERROR,,,lag_band,slow (3y+),publications,heterogeneity_test,fast (<1y),-0.3693,-0.305
,,1.207,0.9363,6,HONEST_ERROR,,,lag_band,medium (1-3y),publications,heterogeneity_test,fast (<1y),-0.0965,-0.08
,,1.6644,0.4207,6,HONEST_ERROR,,,lag_band,slow (3y+),publications,heterogeneity_test,fast (<1y),-1.3401,-0.805
,,0.4715,0.6584,-3,AUTHOR_MISCONDUCT,,,subject_group,BLS,publications,heterogeneity_test,B/T,0.2084,0.442
,,0.6567,0.9964,-3,AUTHOR_MISCONDUCT,,,subject_group,ENV,publications,heterogeneity_test,B/T,0.0029,0.004
,,0.6257,0.5893,-3,AUTHOR_MISCONDUCT,,,subject_group,HSC,publications,heterogeneity_test,B/T,-0.3378,-0.54
,,0.6226,0.8253,-3,AUTHOR_MISCONDUCT,,,subject_group,PHY,publications,heterogeneity_test,B/T,-0.1374,-0.221
,,0.8197,0.5256,-3,AUTHOR_MISCONDUCT,,,subject_group,SOC,publications,heterogeneity_test,B/T,0.5203,0.635
,,1.1833,0.1497,0,AUTHOR_MISCONDUCT,,,subject_group,BLS,publications,heterogeneity_test,B/T,1.7046,1.441
,,1.3133,0.2428,0,AUTHOR_MISCONDUCT,,,subject_group,ENV,publications,heterogeneity_test,B/T,1.534,1.168
,,1.2387,0.3829,0,AUTHOR_MISCONDUCT,,,subject_group,HSC,publications,heterogeneity_test,B/T,1.0808,0.873
,,1.2344,0.0848,0,AUTHOR_MISCONDUCT,,,subject_group,PHY,publications,heterogeneity_test,B/T,2.1274,1.723
,,1.5154,0.4001,0,AUTHOR_MISCONDUCT,,,subject_group,SOC,publications,heterogeneity_test,B/T,1.275,0.841
,,0.8641,0.0503,1,AUTHOR_MISCONDUCT,,,subject_group,BLS,publications,heterogeneity_test,B/T,1.6911,1.957
,,1.2264,0.308,1,AUTHOR_MISCONDUCT,,,subject_group,ENV,publications,heterogeneity_test,B/T,1.2502,1.019
,,1.0294,0.5186,1,AUTHOR_MISCONDUCT,,,subject_group,HSC,publications,heterogeneity_test,B/T,0.6645,0.646
,,0.9903,0.3343,1,AUTHOR_MISCONDUCT,,,subject_group,PHY,publications,heterogeneity_test,B/T,0.956,0.965
,,2.601,0.4475,1,AUTHOR_MISCONDUCT,,,subject_group,SOC,publications,heterogeneity_test,B/T,-1.9758,-0.76
,,0.6433,0.0883,2,AUTHOR_MISCONDUCT,,,subject_group,BLS,publications,heterogeneity_test,B/T,1.0963,1.704
,,1.0429,0.0974,2,AUTHOR_MISCONDUCT,,,subject_group,ENV,publications,heterogeneity_test,B/T,1.7285,1.657
,,0.8268,0.3376,2,AUTHOR_MISCONDUCT,,,subject_group,HSC,publications,heterogeneity_test,B/T,0.7928,0.959
,,0.7854,0.2467,2,AUTHOR_MISCONDUCT,,,subject_group,PHY,publications,heterogeneity_test,B/T,0.9098,1.158
,,2.4899,0.9183,2,AUTHOR_MISCONDUCT,,,subject_group,SOC,publications,heterogeneity_test,B/T,0.2555,0.103
,,0.7844,0.6667,3,AUTHOR_MISCONDUCT,,,subject_group,BLS,publications,heterogeneity_test,B/T,0.3378,0.431
,,1.5668,0.5812,3,AUTHOR_MISCONDUCT,,,subject_group,ENV,publications,heterogeneity_test,B/T,0.8642,0.552
,,1.0966,0.7885,3,AUTHOR_MISCONDUCT,,,subject_group,HSC,publications,heterogeneity_test,B/T,-0.2942,-0.268
,,0.887,0.8909,3,AUTHOR_MISCONDUCT,,,subject_group,PHY,publications,heterogeneity_test,B/T,-0.1217,-0.137
,,1.9912,0.6746,3,AUTHOR_MISCONDUCT,,,subject_group,SOC,publications,heterogeneity_test,B/T,0.8361,0.42
,,0.8211,0.2434,4,AUTHOR_MISCONDUCT,,,subject_group,BLS,publications,heterogeneity_test,B/T,0.9578,1.167
,,1.7274,0.2996,4,AUTHOR_MISCONDUCT,,,subject_group,ENV,publications,heterogeneity_test,B/T,1.7919,1.037
,,1.3387,0.3176,4,AUTHOR_MISCONDUCT,,,subject_group,HSC,publications,heterogeneity_test,B/T,-1.3379,-0.999
,,0.9474,0.8258,4,AUTHOR_MISCONDUCT,,,subject_group,PHY,publications,heterogeneity_test,B/T,0.2085,0.22
,,2.255,0.8615,4,AUTHOR_MISCONDUCT,,,subject_group,SOC,publications,heterogeneity_test,B/T,0.3933,0.174
,,1.3394,0.3863,5,AUTHOR_MISCONDUCT,,,subject_group,BLS,publications,heterogeneity_test,B/T,1.1603,0.866
,,1.6355,0.6649,5,AUTHOR_MISCONDUCT,,,subject_group,ENV,publications,heterogeneity_test,B/T,0.7085,0.433
,,1.2192,0.8697,5,AUTHOR_MISCONDUCT,,,subject_group,HSC,publications,heterogeneity_test,B/T,0.2,0.164
,,1.342,0.7351,5,AUTHOR_MISCONDUCT,,,subject_group,PHY,publications,heterogeneity_test,B/T,0.4541,0.338
,,2.0224,0.6197,5,AUTHOR_MISCONDUCT,,,subject_group,SOC,publications,heterogeneity_test,B/T,1.0036,0.496
,,1.6899,0.3877,6,AUTHOR_MISCONDUCT,,,subject_group,BLS,publications,heterogeneity_test,B/T,1.4599,0.864
,,1.3935,0.0974,6,AUTHOR_MISCONDUCT,,,subject_group,ENV,publications,heterogeneity_test,B/T,2.3098,1.658
,,1.1437,0.8109,6,AUTHOR_MISCONDUCT,,,subject_group,HSC,publications,heterogeneity_test,B/T,0.2736,0.239
,,1.2824,0.5283,6,AUTHOR_MISCONDUCT,,,subject_group,PHY,publications,heterogeneity_test,B/T,0.8088,0.631
,,1.3534,0.0072,6,AUTHOR_MISCONDUCT,,,subject_group,SOC,publications,heterogeneity_test,B/T,3.6355,2.686
,,0.7603,0.9882,-3,HONEST_ERROR,,,subject_group,BLS,publications,heterogeneity_test,B/T,0.0112,0.015
,,0.9892,0.6782,-3,HONEST_ERROR,,,subject_group,ENV,publications,heterogeneity_test,B/T,-0.4105,-0.415
,,0.9505,0.8639,-3,HONEST_ERROR,,,subject_group,HSC,publications,heterogeneity_test,B/T,0.1629,0.171
,,0.8743,0.824,-3,HONEST_ERROR,,,subject_group,PHY,publications,heterogeneity_test,B/T,-0.1945,-0.222
,,1.104,0.3022,-3,HONEST_ERROR,,,subject_group,SOC,publications,heterogeneity_test,B/T,-1.1389,-1.032
,,1.2255,0.0575,0,HONEST_ERROR,,,subject_group,BLS,publications,heterogeneity_test,B/T,2.3282,1.9
,,1.5879,0.8348,0,HONEST_ERROR,,,subject_group,ENV,publications,heterogeneity_test,B/T,0.3312,0.209
,,1.3626,0.1556,0,HONEST_ERROR,,,subject_group,HSC,publications,heterogeneity_test,B/T,1.935,1.42
,,1.2799,0.106,0,HONEST_ERROR,,,subject_group,PHY,publications,heterogeneity_test,B/T,2.0686,1.616
,,1.6195,0.3496,0,HONEST_ERROR,,,subject_group,SOC,publications,heterogeneity_test,B/T,1.5148,0.935
,,1.0017,0.013,1,HONEST_ERROR,,,subject_group,BLS,publications,heterogeneity_test,B/T,2.4873,2.483
,,1.7713,0.591,1,HONEST_ERROR,,,subject_group,ENV,publications,heterogeneity_test,B/T,0.9519,0.537
,,1.1639,0.1065,1,HONEST_ERROR,,,subject_group,HSC,publications,heterogeneity_test,B/T,1.8788,1.614
,,1.2094,0.082,1,HONEST_ERROR,,,subject_group,PHY,publications,heterogeneity_test,B/T,2.1031,1.739
,,2.8472,0.9068,1,HONEST_ERROR,,,subject_group,SOC,publications,heterogeneity_test,B/T,-0.3332,-0.117
,,1.5754,0.7821,2,HONEST_ERROR,,,subject_group,BLS,publications,heterogeneity_test,B/T,0.4357,0.277
,,1.8543,0.9553,2,HONEST_ERROR,,,subject_group,ENV,publications,heterogeneity_test,B/T,0.1038,0.056
,,1.6588,0.7107,2,HONEST_ERROR,,,subject_group,HSC,publications,heterogeneity_test,B/T,0.6153,0.371
,,1.6488,0.926,2,HONEST_ERROR,,,subject_group,PHY,publications,heterogeneity_test,B/T,-0.1532,-0.093
,,3.3171,0.8113,2,HONEST_ERROR,,,subject_group,SOC,publications,heterogeneity_test,B/T,0.792,0.239
,,0.9761,0.4469,3,HONEST_ERROR,,,subject_group,BLS,publications,heterogeneity_test,B/T,0.7424,0.761
,,2.2768,0.3027,3,HONEST_ERROR,,,subject_group,ENV,publications,heterogeneity_test,B/T,-2.3465,-1.031
,,1.2551,0.9563,3,HONEST_ERROR,,,subject_group,HSC,publications,heterogeneity_test,B/T,0.0688,0.055
,,1.1039,0.7961,3,HONEST_ERROR,,,subject_group,PHY,publications,heterogeneity_test,B/T,0.2853,0.258
,,2.3243,0.3098,3,HONEST_ERROR,,,subject_group,SOC,publications,heterogeneity_test,B/T,2.3605,1.016
,,1.1369,0.0419,4,HONEST_ERROR,,,subject_group,BLS,publications,heterogeneity_test,B/T,2.3133,2.035
,,2.0383,0.6658,4,HONEST_ERROR,,,subject_group,ENV,publications,heterogeneity_test,B/T,-0.8803,-0.432
,,1.4434,0.9159,4,HONEST_ERROR,,,subject_group,HSC,publications,heterogeneity_test,B/T,-0.1524,-0.106
,,1.3704,0.1104,4,HONEST_ERROR,,,subject_group,PHY,publications,heterogeneity_test,B/T,2.1875,1.596
,,2.3475,0.7899,4,HONEST_ERROR,,,subject_group,SOC,publications,heterogeneity_test,B/T,0.6256,0.266
,,1.4114,0.0189,5,HONEST_ERROR,,,subject_group,BLS,publications,heterogeneity_test,B/T,3.3127,2.347
,,1.9702,0.85,5,HONEST_ERROR,,,subject_group,ENV,publications,heterogeneity_test,B/T,-0.3727,-0.189
,,1.3651,0.0675,5,HONEST_ERROR,,,subject_group,HSC,publications,heterogeneity_test,B/T,2.4956,1.828
,,1.415,0.1598,5,HONEST_ERROR,,,subject_group,PHY,publications,heterogeneity_test,B/T,1.9891,1.406
,,2.1549,0.1599,5,HONEST_ERROR,,,subject_group,SOC,publications,heterogeneity_test,B/T,3.0286,1.405
,,1.8054,0.1183,6,HONEST_ERROR,,,subject_group,BLS,publications,heterogeneity_test,B/T,2.8198,1.562
,,2.3814,0.7893,6,HONEST_ERROR,,,subject_group,ENV,publications,heterogeneity_test,B/T,0.6365,0.267
,,1.3824,0.5937,6,HONEST_ERROR,,,subject_group,HSC,publications,heterogeneity_test,B/T,0.7374,0.533
,,1.4718,0.1426,6,HONEST_ERROR,,,subject_group,PHY,publications,heterogeneity_test,B/T,2.158,1.466
,,1.716,0.0134,6,HONEST_ERROR,,,subject_group,SOC,publications,heterogeneity_test,B/T,4.2425,2.472
k-3:AUTHOR_MISCONDUCT,-5.573319583618286e-14,0.0,,-3,AUTHOR_MISCONDUCT,1074.0,7518.0,career_band,early (<5y),active,placebo,,,
k+0:AUTHOR_MISCONDUCT,-0.0220153414659347,0.04282567454760618,0.6072039170335572,0,AUTHOR_MISCONDUCT,1074.0,7518.0,career_band,early (<5y),active,placebo,,,
k+1:AUTHOR_MISCONDUCT,0.03419727638286574,0.03276767266131549,0.2966573114299689,1,AUTHOR_MISCONDUCT,1074.0,7518.0,career_band,early (<5y),active,placebo,,,
k+2:AUTHOR_MISCONDUCT,0.03237252052845152,0.043865752407696176,0.46052005616409986,2,AUTHOR_MISCONDUCT,1074.0,7518.0,career_band,early (<5y),active,placebo,,,
k+3:AUTHOR_MISCONDUCT,-0.05964248301968966,0.05786520334376123,0.3026748941698889,3,AUTHOR_MISCONDUCT,1074.0,7518.0,career_band,early (<5y),active,placebo,,,
k-3:HONEST_ERROR,-5.1514348342607263e-14,0.0,,-3,HONEST_ERROR,1074.0,7518.0,career_band,early (<5y),active,placebo,,,
k+0:HONEST_ERROR,-0.025929516028573518,0.04652030596944813,0.5772674177376125,0,HONEST_ERROR,1074.0,7518.0,career_band,early (<5y),active,placebo,,,
k+1:HONEST_ERROR,-0.004777400817064681,0.03674990423198656,0.8965682939258162,1,HONEST_ERROR,1074.0,7518.0,career_band,early (<5y),active,placebo,,,
k+2:HONEST_ERROR,0.043792840822493684,0.04781223217464325,0.3597016030443714,2,HONEST_ERROR,1074.0,7518.0,career_band,early (<5y),active,placebo,,,
k+3:HONEST_ERROR,-0.004223499273058651,0.05983792671063677,0.943730187471844,3,HONEST_ERROR,1074.0,7518.0,career_band,early (<5y),active,placebo,,,
k-3:AUTHOR_MISCONDUCT,-2.6645352591003757e-14,0.0,,-3,AUTHOR_MISCONDUCT,1074.0,7518.0,career_band,early (<5y),publications,placebo,,,
k+0:AUTHOR_MISCONDUCT,0.08282364072582293,0.10860065967842666,0.4456757405173881,0,AUTHOR_MISCONDUCT,1074.0,7518.0,career_band,early (<5y),publications,placebo,,,
k+1:AUTHOR_MISCONDUCT,0.26653262595881966,0.15236672989972608,0.080242004665255,1,AUTHOR_MISCONDUCT,1074.0,7518.0,career_band,early (<5y),publications,placebo,,,
k+2:AUTHOR_MISCONDUCT,0.2138850403811503,0.312058574403654,0.49309135506757773,2,AUTHOR_MISCONDUCT,1074.0,7518.0,career_band,early (<5y),publications,placebo,,,
k+3:AUTHOR_MISCONDUCT,-0.07547392964551425,0.5313705845792553,0.8870513065078338,3,AUTHOR_MISCONDUCT,1074.0,7518.0,career_band,early (<5y),publications,placebo,,,
k-3:HONEST_ERROR,-9.769962616701378e-15,0.0,,-3,HONEST_ERROR,1074.0,7518.0,career_band,early (<5y),publications,placebo,,,
k+0:HONEST_ERROR,0.019421172886496585,0.10970921339953948,0.8594894729072684,0,HONEST_ERROR,1074.0,7518.0,career_band,early (<5y),publications,placebo,,,
k+1:HONEST_ERROR,0.46157308038494715,0.41965375491250934,0.27137993608343214,1,HONEST_ERROR,1074.0,7518.0,career_band,early (<5y),publications,placebo,,,
k+2:HONEST_ERROR,0.48386761753096685,0.39896732746214814,0.22520625441989872,2,HONEST_ERROR,1074.0,7518.0,career_band,early (<5y),publications,placebo,,,
k+3:HONEST_ERROR,0.0886588658866081,0.551530291626055,0.8722897766256958,3,HONEST_ERROR,1074.0,7518.0,career_band,early (<5y),publications,placebo,,,
k-3:AUTHOR_MISCONDUCT,-0.030665980361103684,0.035373116918076195,0.38598092081507973,-3,AUTHOR_MISCONDUCT,2810.0,19670.0,career_band,mid (5-10y),active,placebo,,,
k+0:AUTHOR_MISCONDUCT,0.02541046352021742,0.029860164896147,0.3947793392241912,0,AUTHOR_MISCONDUCT,2810.0,19670.0,career_band,mid (5-10y),active,placebo,,,
k+1:AUTHOR_MISCONDUCT,-0.017177436384756717,0.03660622487195107,0.6388916261988666,1,AUTHOR_MISCONDUCT,2810.0,19670.0,career_band,mid (5-10y),active,placebo,,,
k+2:AUTHOR_MISCONDUCT,-0.06528217717242524,0.04075882655570535,0.10922867066090491,2,AUTHOR_MISCONDUCT,2810.0,19670.0,career_band,mid (5-10y),active,placebo,,,
k+3:AUTHOR_MISCONDUCT,-0.056254619364378505,0.037010712857518696,0.12852227699287955,3,AUTHOR_MISCONDUCT,2810.0,19670.0,career_band,mid (5-10y),active,placebo,,,
k-3:HONEST_ERROR,-0.014362755888182033,0.03806813159034859,0.7059575071267283,-3,HONEST_ERROR,2810.0,19670.0,career_band,mid (5-10y),active,placebo,,,
k+0:HONEST_ERROR,0.042409567833294526,0.033518163367844044,0.2057741156590045,0,HONEST_ERROR,2810.0,19670.0,career_band,mid (5-10y),active,placebo,,,
k+1:HONEST_ERROR,0.03057817888326042,0.03940527218823607,0.4377536658742054,1,HONEST_ERROR,2810.0,19670.0,career_band,mid (5-10y),active,placebo,,,
k+2:HONEST_ERROR,-0.005062733876297076,0.04316392487929566,0.9066295675872518,2,HONEST_ERROR,2810.0,19670.0,career_band,mid (5-10y),active,placebo,,,
k+3:HONEST_ERROR,0.005136106831019366,0.03752706610855886,0.8911382431291099,3,HONEST_ERROR,2810.0,19670.0,career_band,mid (5-10y),active,placebo,,,
k-3:AUTHOR_MISCONDUCT,-0.03968825889562666,0.15920305174430954,0.8031338904780871,-3,AUTHOR_MISCONDUCT,2810.0,19670.0,career_band,mid (5-10y),publications,placebo,,,
k+0:AUTHOR_MISCONDUCT,0.012022225741687986,0.18443515036250177,0.9480274790294656,0,AUTHOR_MISCONDUCT,2810.0,19670.0,career_band,mid (5-10y),publications,placebo,,,
k+1:AUTHOR_MISCONDUCT,-0.1635875303558807,0.34466683587924923,0.6350542148306035,1,AUTHOR_MISCONDUCT,2810.0,19670.0,career_band,mid (5-10y),publications,placebo,,,
k+2:AUTHOR_MISCONDUCT,-0.3141075388027277,0.35596021064833755,0.3775480085157885,2,AUTHOR_MISCONDUCT,2810.0,19670.0,career_band,mid (5-10y),publications,placebo,,,
k+3:AUTHOR_MISCONDUCT,-0.8491355189526564,0.563031135086393,0.1315160896246632,3,AUTHOR_MISCONDUCT,2810.0,19670.0,career_band,mid (5-10y),publications,placebo,,,
k-3:HONEST_ERROR,0.046344192530577644,0.17173361146894617,0.7872672437705803,-3,HONEST_ERROR,2810.0,19670.0,career_band,mid (5-10y),publications,placebo,,,
k+0:HONEST_ERROR,0.15117580159948085,0.19692570070858842,0.4426776841486739,0,HONEST_ERROR,2810.0,19670.0,career_band,mid (5-10y),publications,placebo,,,
k+1:HONEST_ERROR,-0.0635134639372481,0.3561160267276311,0.8584477377476534,1,HONEST_ERROR,2810.0,19670.0,career_band,mid (5-10y),publications,placebo,,,
k+2:HONEST_ERROR,-0.11164612223940829,0.3733897888273665,0.7649347828935682,2,HONEST_ERROR,2810.0,19670.0,career_band,mid (5-10y),publications,placebo,,,
k+3:HONEST_ERROR,-0.5341275955683369,0.6322582170108738,0.3982261766139259,3,HONEST_ERROR,2810.0,19670.0,career_band,mid (5-10y),publications,placebo,,,
k-3:AUTHOR_MISCONDUCT,-0.0008685097528651209,0.01583669066081188,0.9562646432378272,-3,AUTHOR_MISCONDUCT,5585.0,39095.0,career_band,senior (10-20y),active,placebo,,,
k+0:AUTHOR_MISCONDUCT,-0.02315704900700505,0.026635368725587884,0.38462305736834024,0,AUTHOR_MISCONDUCT,5585.0,39095.0,career_band,senior (10-20y),active,placebo,,,
k+1:AUTHOR_MISCONDUCT,-0.00929874977860734,0.019557681949544367,0.6344644454110138,1,AUTHOR_MISCONDUCT,5585.0,39095.0,career_band,senior (10-20y),active,placebo,,,
k+2:AUTHOR_MISCONDUCT,-0.03500589484728356,0.023935514413472452,0.1436018988905241,2,AUTHOR_MISCONDUCT,5585.0,39095.0,career_band,senior (10-20y),active,placebo,,,
k+3:AUTHOR_MISCONDUCT,-0.060719462054626014,0.019452763289594707,0.0018000572583480867,3,AUTHOR_MISCONDUCT,5585.0,39095.0,career_band,senior (10-20y),active,placebo,,,
k-3:HONEST_ERROR,-0.01672450485520205,0.01829922722837393,0.36074524034304245,-3,HONEST_ERROR,5585.0,39095.0,career_band,senior (10-20y),active,placebo,,,
k+0:HONEST_ERROR,-0.006110439748473473,0.028147255432057632,0.828139534098457,0,HONEST_ERROR,5585.0,39095.0,career_band,senior (10-20y),active,placebo,,,
k+1:HONEST_ERROR,0.022961939085423932,0.01991334708814034,0.24887225671449986,1,HONEST_ERROR,5585.0,39095.0,career_band,senior (10-20y),active,placebo,,,
k+2:HONEST_ERROR,-0.013911911280320155,0.02366301709548197,0.5565874021210795,2,HONEST_ERROR,5585.0,39095.0,career_band,senior (10-20y),active,placebo,,,
k+3:HONEST_ERROR,-0.017737787141208383,0.019666570096469334,0.3670962803214932,3,HONEST_ERROR,5585.0,39095.0,career_band,senior (10-20y),active,placebo,,,
k-3:AUTHOR_MISCONDUCT,-0.023538321239472637,0.15178315867017264,0.876759345063038,-3,AUTHOR_MISCONDUCT,5585.0,39095.0,career_band,senior (10-20y),publications,placebo,,,
k+0:AUTHOR_MISCONDUCT,-0.29119785054403735,0.31808061704819424,0.3599373757019977,0,AUTHOR_MISCONDUCT,5585.0,39095.0,career_band,senior (10-20y),publications,placebo,,,
k+1:AUTHOR_MISCONDUCT,-0.18778857373091862,0.475639058783321,0.6929807604388154,1,AUTHOR_MISCONDUCT,5585.0,39095.0,career_band,senior (10-20y),publications,placebo,,,
k+2:AUTHOR_MISCONDUCT,-0.23030414572714708,0.3595210361954444,0.5217916920177241,2,AUTHOR_MISCONDUCT,5585.0,39095.0,career_band,senior (10-20y),publications,placebo,,,
k+3:AUTHOR_MISCONDUCT,-0.7527576325428276,0.4801792729989846,0.11696060187305335,3,AUTHOR_MISCONDUCT,5585.0,39095.0,career_band,senior (10-20y),publications,placebo,,,
k-3:HONEST_ERROR,-0.08383239936693698,0.16544284965064165,0.6123546947485252,-3,HONEST_ERROR,5585.0,39095.0,career_band,senior (10-20y),publications,placebo,,,
k+0:HONEST_ERROR,-0.2366000769988048,0.32448166465075773,0.465901861339975,0,HONEST_ERROR,5585.0,39095.0,career_band,senior (10-20y),publications,placebo,,,
k+1:HONEST_ERROR,0.27053300252381884,0.49160910751753,0.582112911896322,1,HONEST_ERROR,5585.0,39095.0,career_band,senior (10-20y),publications,placebo,,,
k+2:HONEST_ERROR,0.1775623476065924,0.35885448735019143,0.6207390474188053,2,HONEST_ERROR,5585.0,39095.0,career_band,senior (10-20y),publications,placebo,,,
k+3:HONEST_ERROR,-0.3087463104761321,0.4778275962429718,0.5181849149527458,3,HONEST_ERROR,5585.0,39095.0,career_band,senior (10-20y),publications,placebo,,,
k-3:AUTHOR_MISCONDUCT,0.004609157617023241,0.011254252482214773,0.6821374822908124,-3,AUTHOR_MISCONDUCT,7825.0,54775.0,career_band,veteran (20y+),active,placebo,,,
k+0:AUTHOR_MISCONDUCT,0.005317704045144742,0.014437970790573244,0.7126392555519914,0,AUTHOR_MISCONDUCT,7825.0,54775.0,career_band,veteran (20y+),active,placebo,,,
k+1:AUTHOR_MISCONDUCT,-0.013468892668337284,0.014693674033588906,0.3593283447474638,1,AUTHOR_MISCONDUCT,7825.0,54775.0,career_band,veteran (20y+),active,placebo,,,
k+2:AUTHOR_MISCONDUCT,-0.04245819736333356,0.013118170124543754,0.0012096516433772742,2,AUTHOR_MISCONDUCT,7825.0,54775.0,career_band,veteran (20y+),active,placebo,,,
k+3:AUTHOR_MISCONDUCT,-0.059117552199457565,0.014194943894774142,3.117748069669801e-05,3,AUTHOR_MISCONDUCT,7825.0,54775.0,career_band,veteran (20y+),active,placebo,,,
k-3:HONEST_ERROR,-0.018807938228723148,0.01235298001203168,0.12787318132134473,-3,HONEST_ERROR,7825.0,54775.0,career_band,veteran (20y+),active,placebo,,,
k+0:HONEST_ERROR,-0.00018916347706844638,0.014809237467523877,0.9898086235710526,0,HONEST_ERROR,7825.0,54775.0,career_band,veteran (20y+),active,placebo,,,
k+1:HONEST_ERROR,-0.019460976275286368,0.014893445739254415,0.19132121780777256,1,HONEST_ERROR,7825.0,54775.0,career_band,veteran (20y+),active,placebo,,,
k+2:HONEST_ERROR,-0.03260212246583605,0.013114089733972227,0.01291742531920237,2,HONEST_ERROR,7825.0,54775.0,career_band,veteran (20y+),active,placebo,,,
k+3:HONEST_ERROR,-0.036017758504980506,0.013647060105944507,0.00830940802523683,3,HONEST_ERROR,7825.0,54775.0,career_band,veteran (20y+),active,placebo,,,
k-3:AUTHOR_MISCONDUCT,0.17796074047807764,0.6612894753935952,0.7878437206841664,-3,AUTHOR_MISCONDUCT,7825.0,54775.0,career_band,veteran (20y+),publications,placebo,,,
k+0:AUTHOR_MISCONDUCT,-0.4362049796570684,0.6073681711572778,0.47264092171197003,0,AUTHOR_MISCONDUCT,7825.0,54775.0,career_band,veteran (20y+),publications,placebo,,,
k+1:AUTHOR_MISCONDUCT,-1.0724556332145143,1.1915517753267257,0.3680938848994235,1,AUTHOR_MISCONDUCT,7825.0,54775.0,career_band,veteran (20y+),publications,placebo,,,
k+2:AUTHOR_MISCONDUCT,-1.3508428637535257,1.0813054922652394,0.2115662178462001,2,AUTHOR_MISCONDUCT,7825.0,54775.0,career_band,veteran (20y+),publications,placebo,,,
k+3:AUTHOR_MISCONDUCT,-2.055803089398582,1.3303765761484683,0.12227877380264696,3,AUTHOR_MISCONDUCT,7825.0,54775.0,career_band,veteran (20y+),publications,placebo,,,
k-3:HONEST_ERROR,-0.6381249216428309,0.8596688986349276,0.45791073689190354,-3,HONEST_ERROR,7825.0,54775.0,career_band,veteran (20y+),publications,placebo,,,
k+0:HONEST_ERROR,-0.8318552401601638,0.8358984968752069,0.31965700303966704,0,HONEST_ERROR,7825.0,54775.0,career_band,veteran (20y+),publications,placebo,,,
k+1:HONEST_ERROR,-0.9854183720878531,1.3215655848296335,0.4558820738391711,1,HONEST_ERROR,7825.0,54775.0,career_band,veteran (20y+),publications,placebo,,,
k+2:HONEST_ERROR,-1.3183317108785335,1.2214655641963392,0.28045258000959405,2,HONEST_ERROR,7825.0,54775.0,career_band,veteran (20y+),publications,placebo,,,
k+3:HONEST_ERROR,-1.8322320921553659,1.4504137570306679,0.20650011348355868,3,HONEST_ERROR,7825.0,54775.0,career_band,veteran (20y+),publications,placebo,,,
k-3:AUTHOR_MISCONDUCT,0.023072492629688746,0.02725860100888191,0.39731301135653974,-3,AUTHOR_MISCONDUCT,1387.0,9709.0,subject_group,B/T,active,placebo,,,
k+0:AUTHOR_MISCONDUCT,0.01447216853120685,0.028832533124594252,0.6157105358123525,0,AUTHOR_MISCONDUCT,1387.0,9709.0,subject_group,B/T,active,placebo,,,
k+1:AUTHOR_MISCONDUCT,0.03905289052890179,0.03747934050646269,0.2974188819235988,1,AUTHOR_MISCONDUCT,1387.0,9709.0,subject_group,B/T,active,placebo,,,
k+2:AUTHOR_MISCONDUCT,0.0007858411917412433,0.03482474685782192,0.9819967867155379,2,AUTHOR_MISCONDUCT,1387.0,9709.0,subject_group,B/T,active,placebo,,,
k+3:AUTHOR_MISCONDUCT,-0.08468048966204275,0.033680129193696486,0.011928358355903557,3,AUTHOR_MISCONDUCT,1387.0,9709.0,subject_group,B/T,active,placebo,,,
k-3:HONEST_ERROR,0.06642101284958418,0.039862245504958656,0.0956609025937305,-3,HONEST_ERROR,1387.0,9709.0,subject_group,B/T,active,placebo,,,
k+0:HONEST_ERROR,0.0180461073318193,0.03489415284611797,0.6050395264139978,0,HONEST_ERROR,1387.0,9709.0,subject_group,B/T,active,placebo,,,
k+1:HONEST_ERROR,-0.01955782312925547,0.045075641829800686,0.6643690806904461,1,HONEST_ERROR,1387.0,9709.0,subject_group,B/T,active,placebo,,,
k+2:HONEST_ERROR,-0.0514928193499663,0.04457098346504701,0.24796794357557062,2,HONEST_ERROR,1387.0,9709.0,subject_group,B/T,active,placebo,,,
k+3:HONEST_ERROR,-0.03769841269841592,0.04221070519283584,0.3718032184377915,3,HONEST_ERROR,1387.0,9709.0,subject_group,B/T,active,placebo,,,
k-3:AUTHOR_MISCONDUCT,0.449183896600855,0.2911471147792015,0.12287753563223713,-3,AUTHOR_MISCONDUCT,1387.0,9709.0,subject_group,B/T,publications,placebo,,,
k+0:AUTHOR_MISCONDUCT,-0.40658251820615066,0.5132655660216471,0.4282741273923021,0,AUTHOR_MISCONDUCT,1387.0,9709.0,subject_group,B/T,publications,placebo,,,
k+1:AUTHOR_MISCONDUCT,0.45558777016339436,0.30529608013803833,0.135625297761246,1,AUTHOR_MISCONDUCT,1387.0,9709.0,subject_group,B/T,publications,placebo,,,
k+2:AUTHOR_MISCONDUCT,0.6168170015033239,0.4021770960994058,0.1251047043556741,2,AUTHOR_MISCONDUCT,1387.0,9709.0,subject_group,B/T,publications,placebo,,,
k+3:AUTHOR_MISCONDUCT,-0.4191852632812169,0.710720125485695,0.5553223527697488,3,AUTHOR_MISCONDUCT,1387.0,9709.0,subject_group,B/T,publications,placebo,,,
k-3:HONEST_ERROR,0.35893801965229377,0.3687520922701784,0.3303616350255596,-3,HONEST_ERROR,1387.0,9709.0,subject_group,B/T,publications,placebo,,,
k+0:HONEST_ERROR,-0.16090325018897844,0.5869928596398168,0.7839966363581414,0,HONEST_ERROR,1387.0,9709.0,subject_group,B/T,publications,placebo,,,
k+1:HONEST_ERROR,0.4855442176870559,0.4599679601802814,0.29114897488542657,1,HONEST_ERROR,1387.0,9709.0,subject_group,B/T,publications,placebo,,,
k+2:HONEST_ERROR,0.3283257747543278,0.48798052346094295,0.501058267113462,2,HONEST_ERROR,1387.0,9709.0,subject_group,B/T,publications,placebo,,,
k+3:HONEST_ERROR,-0.14767573696145053,1.2051796132298693,0.9024759510732809,3,HONEST_ERROR,1387.0,9709.0,subject_group,B/T,publications,placebo,,,
k-3:AUTHOR_MISCONDUCT,-0.022498746674050163,0.012339210966474582,0.06824982931788615,-3,AUTHOR_MISCONDUCT,10431.0,73017.0,subject_group,BLS,active,placebo,,,
k+0:AUTHOR_MISCONDUCT,-0.025370099780916908,0.028591498170821752,0.3749011509867448,0,AUTHOR_MISCONDUCT,10431.0,73017.0,subject_group,BLS,active,placebo,,,
k+1:AUTHOR_MISCONDUCT,-0.054295649841178684,0.028962090251884034,0.06083201435554253,1,AUTHOR_MISCONDUCT,10431.0,73017.0,subject_group,BLS,active,placebo,,,
k+2:AUTHOR_MISCONDUCT,-0.08573855382832457,0.025578079472419163,0.0008022059918590951,2,AUTHOR_MISCONDUCT,10431.0,73017.0,subject_group,BLS,active,placebo,,,
k+3:AUTHOR_MISCONDUCT,-0.08998904112716204,0.02196179862448633,4.175892553792693e-05,3,AUTHOR_MISCONDUCT,10431.0,73017.0,subject_group,BLS,active,placebo,,,
k-3:HONEST_ERROR,-0.039646286541330955,0.013107728853608887,0.0024892135060556875,-3,HONEST_ERROR,10431.0,73017.0,subject_group,BLS,active,placebo,,,
k+0:HONEST_ERROR,-0.028342259740068154,0.029624353313325684,0.33870777506653105,0,HONEST_ERROR,10431.0,73017.0,subject_group,BLS,active,placebo,,,
k+1:HONEST_ERROR,-0.03296984858168989,0.029306759188113696,0.26059272869744543,1,HONEST_ERROR,10431.0,73017.0,subject_group,BLS,active,placebo,,,
k+2:HONEST_ERROR,-0.06344911948160348,0.02487465423036025,0.010749022002701114,2,HONEST_ERROR,10431.0,73017.0,subject_group,BLS,active,placebo,,,
k+3:HONEST_ERROR,-0.04805657799034231,0.020451323448730196,0.01878335725246738,3,HONEST_ERROR,10431.0,73017.0,subject_group,BLS,active,placebo,,,
k-3:AUTHOR_MISCONDUCT,-0.39834438495704827,0.45201117580165867,0.3781711057050927,-3,AUTHOR_MISCONDUCT,10431.0,73017.0,subject_group,BLS,publications,placebo,,,
k+0:AUTHOR_MISCONDUCT,-0.6587422338977227,0.5738717809669222,0.25101357744182806,0,AUTHOR_MISCONDUCT,10431.0,73017.0,subject_group,BLS,publications,placebo,,,
k+1:AUTHOR_MISCONDUCT,-1.40932347272595,1.2974811492082985,0.2773907053279867,1,AUTHOR_MISCONDUCT,10431.0,73017.0,subject_group,BLS,publications,placebo,,,
k+2:AUTHOR_MISCONDUCT,-1.6404711435373907,1.0807681654321795,0.1290458750395902,2,AUTHOR_MISCONDUCT,10431.0,73017.0,subject_group,BLS,publications,placebo,,,
k+3:AUTHOR_MISCONDUCT,-2.3086145706394587,1.4690264188346407,0.11606030533150546,3,AUTHOR_MISCONDUCT,10431.0,73017.0,subject_group,BLS,publications,placebo,,,
k-3:HONEST_ERROR,-0.5881560725279771,0.4393386324735199,0.1806583896950542,-3,HONEST_ERROR,10431.0,73017.0,subject_group,BLS,publications,placebo,,,
k+0:HONEST_ERROR,-0.6143585660443787,0.5880350270325259,0.2961314761014524,0,HONEST_ERROR,10431.0,73017.0,subject_group,BLS,publications,placebo,,,
k+1:HONEST_ERROR,-1.0502555780857952,1.3027201136745206,0.4201263781912954,1,HONEST_ERROR,10431.0,73017.0,subject_group,BLS,publications,placebo,,,
k+2:HONEST_ERROR,-1.1990317787426008,1.0822084316417058,0.267883830433985,2,HONEST_ERROR,10431.0,73017.0,subject_group,BLS,publications,placebo,,,
k+3:HONEST_ERROR,-1.7143141176815464,1.4746567539345745,0.24502536590867985,3,HONEST_ERROR,10431.0,73017.0,subject_group,BLS,publications,placebo,,,
k-3:AUTHOR_MISCONDUCT,-0.03991841491841938,0.05473189112391392,0.4657908333744438,-3,AUTHOR_MISCONDUCT,416.0,2912.0,subject_group,ENV,active,placebo,,,
k+0:AUTHOR_MISCONDUCT,0.030885780885775635,0.05794651565929512,0.5940301393846514,0,AUTHOR_MISCONDUCT,416.0,2912.0,subject_group,ENV,active,placebo,,,
k+1:AUTHOR_MISCONDUCT,-0.04516317016317625,0.08730509703572525,0.6049448076623918,1,AUTHOR_MISCONDUCT,416.0,2912.0,subject_group,ENV,active,placebo,,,
k+2:AUTHOR_MISCONDUCT,-0.039918414918421685,0.07348910393440126,0.5870002224303679,2,AUTHOR_MISCONDUCT,416.0,2912.0,subject_group,ENV,active,placebo,,,
k+3:AUTHOR_MISCONDUCT,-0.07983682983683563,0.07091151513735187,0.2602224460376372,3,AUTHOR_MISCONDUCT,416.0,2912.0,subject_group,ENV,active,placebo,,,
k-3:HONEST_ERROR,-0.02200277200277606,0.06948023170375515,0.7514889137362257,-3,HONEST_ERROR,416.0,2912.0,subject_group,ENV,active,placebo,,,
k+0:HONEST_ERROR,0.04972279972279419,0.06420836301128216,0.43869572543140345,0,HONEST_ERROR,416.0,2912.0,subject_group,ENV,active,placebo,,,
k+1:HONEST_ERROR,0.0012127512127451112,0.09522390810727904,0.9898385885418255,1,HONEST_ERROR,416.0,2912.0,subject_group,ENV,active,placebo,,,
k+2:HONEST_ERROR,0.0005197505197437335,0.08204554206393407,0.9949455128087292,2,HONEST_ERROR,416.0,2912.0,subject_group,ENV,active,placebo,,,
k+3:HONEST_ERROR,0.03031878031877458,0.09069067573767081,0.7381458073490437,3,HONEST_ERROR,416.0,2912.0,subject_group,ENV,active,placebo,,,
k-3:AUTHOR_MISCONDUCT,-0.48499417249420596,0.3548569466776981,0.17170947572274797,-3,AUTHOR_MISCONDUCT,416.0,2912.0,subject_group,ENV,publications,placebo,,,
k+0:AUTHOR_MISCONDUCT,-0.14525058275062275,0.39673790548745896,0.7142813630453797,0,AUTHOR_MISCONDUCT,416.0,2912.0,subject_group,ENV,publications,placebo,,,
k+1:AUTHOR_MISCONDUCT,0.8174533799533381,0.5824469408187698,0.16047336942855717,1,AUTHOR_MISCONDUCT,416.0,2912.0,subject_group,ENV,publications,placebo,,,
k+2:AUTHOR_MISCONDUCT,0.7498543123542651,0.7094083074748324,0.29050532697135045,2,AUTHOR_MISCONDUCT,416.0,2912.0,subject_group,ENV,publications,placebo,,,
k+3:AUTHOR_MISCONDUCT,0.16564685314681427,0.6975602738549677,0.8122952872418003,3,AUTHOR_MISCONDUCT,416.0,2912.0,subject_group,ENV,publications,placebo,,,
k-3:HONEST_ERROR,-1.5355162855163114,0.5792104084348156,0.008024174317978305,-3,HONEST_ERROR,416.0,2912.0,subject_group,ENV,publications,placebo,,,
k+0:HONEST_ERROR,0.6262993762993396,0.5957274531239105,0.29311226850689365,0,HONEST_ERROR,416.0,2912.0,subject_group,ENV,publications,placebo,,,
k+1:HONEST_ERROR,1.0341302841302475,0.907846396423215,0.2546603202229214,1,HONEST_ERROR,416.0,2912.0,subject_group,ENV,publications,placebo,,,
k+2:HONEST_ERROR,1.3743936243935764,1.5245482287544023,0.3673178639850465,2,HONEST_ERROR,416.0,2912.0,subject_group,ENV,publications,placebo,,,
k+3:HONEST_ERROR,0.7243589743589239,1.1227923801024347,0.5188360613200509,3,HONEST_ERROR,416.0,2912.0,subject_group,ENV,publications,placebo,,,
k-3:AUTHOR_MISCONDUCT,0.020265583845475332,0.02150810328188212,0.3460748098730908,-3,AUTHOR_MISCONDUCT,2617.0,18319.0,subject_group,HSC,active,placebo,,,
k+0:AUTHOR_MISCONDUCT,0.02518803043605189,0.01986746761806049,0.20486839351854647,0,AUTHOR_MISCONDUCT,2617.0,18319.0,subject_group,HSC,active,placebo,,,
k+1:AUTHOR_MISCONDUCT,0.05356672519753816,0.025049193465500285,0.032479340064168305,1,AUTHOR_MISCONDUCT,2617.0,18319.0,subject_group,HSC,active,placebo,,,
k+2:AUTHOR_MISCONDUCT,0.03285411179396802,0.029294279795463535,0.2620667121519258,2,AUTHOR_MISCONDUCT,2617.0,18319.0,subject_group,HSC,active,placebo,,,
k+3:AUTHOR_MISCONDUCT,-0.01621085747732269,0.039916307881998465,0.6846535749015386,3,AUTHOR_MISCONDUCT,2617.0,18319.0,subject_group,HSC,active,placebo,,,
k-3:HONEST_ERROR,0.02407086774563605,0.02374593459706393,0.31073368616942654,-3,HONEST_ERROR,2617.0,18319.0,subject_group,HSC,active,placebo,,,
k+0:HONEST_ERROR,0.03620004814636185,0.02208913901947205,0.10125145677033309,0,HONEST_ERROR,2617.0,18319.0,subject_group,HSC,active,placebo,,,
k+1:HONEST_ERROR,0.04232019184474317,0.025572028511178256,0.09793651875014753,1,HONEST_ERROR,2617.0,18319.0,subject_group,HSC,active,placebo,,,
k+2:HONEST_ERROR,0.0503430428502617,0.02802359846593226,0.07242269788223776,2,HONEST_ERROR,2617.0,18319.0,subject_group,HSC,active,placebo,,,
k+3:HONEST_ERROR,-0.008816803081370589,0.037576698588106125,0.8144921572191417,3,HONEST_ERROR,2617.0,18319.0,subject_group,HSC,active,placebo,,,
k-3:AUTHOR_MISCONDUCT,1.1066015510681932,0.8305605915766902,0.18274356418613147,-3,AUTHOR_MISCONDUCT,2617.0,18319.0,subject_group,HSC,publications,placebo,,,
k+0:AUTHOR_MISCONDUCT,0.5384511267193393,0.8288544898080149,0.5159293911513141,0,AUTHOR_MISCONDUCT,2617.0,18319.0,subject_group,HSC,publications,placebo,,,
k+1:AUTHOR_MISCONDUCT,0.574387620719925,0.8665393556387355,0.507425142291001,1,AUTHOR_MISCONDUCT,2617.0,18319.0,subject_group,HSC,publications,placebo,,,
k+2:AUTHOR_MISCONDUCT,0.8943627450980376,0.9877897605966613,0.3652439213454257,2,AUTHOR_MISCONDUCT,2617.0,18319.0,subject_group,HSC,publications,placebo,,,
k+3:AUTHOR_MISCONDUCT,0.21642888498682122,0.9804221613758717,0.8252865470148567,3,AUTHOR_MISCONDUCT,2617.0,18319.0,subject_group,HSC,publications,placebo,,,
k-3:HONEST_ERROR,-0.4705589607792273,1.8674618333636712,0.8010582082213213,-3,HONEST_ERROR,2617.0,18319.0,subject_group,HSC,publications,placebo,,,
k+0:HONEST_ERROR,-1.0513800414799528,1.830931264409749,0.5658105517165755,0,HONEST_ERROR,2617.0,18319.0,subject_group,HSC,publications,placebo,,,
k+1:HONEST_ERROR,0.16877384170955967,1.8747710742218473,0.9282683759244423,1,HONEST_ERROR,2617.0,18319.0,subject_group,HSC,publications,placebo,,,
k+2:HONEST_ERROR,-0.18408808933002696,1.8929600005763934,0.9225288145256787,2,HONEST_ERROR,2617.0,18319.0,subject_group,HSC,publications,placebo,,,
k+3:HONEST_ERROR,-0.5945914040220814,1.914411158214079,0.7561145375311906,3,HONEST_ERROR,2617.0,18319.0,subject_group,HSC,publications,placebo,,,
k-3:AUTHOR_MISCONDUCT,-0.02082983949728706,0.023016159364881498,0.36546043218758406,-3,AUTHOR_MISCONDUCT,2227.0,15589.0,subject_group,PHY,active,placebo,,,
k+0:AUTHOR_MISCONDUCT,-0.012706054119114296,0.024861087608575347,0.6092936466955181,0,AUTHOR_MISCONDUCT,2227.0,15589.0,subject_group,PHY,active,placebo,,,
k+1:AUTHOR_MISCONDUCT,0.01179847882488183,0.03294950724728386,0.7202852792541763,1,AUTHOR_MISCONDUCT,2227.0,15589.0,subject_group,PHY,active,placebo,,,
k+2:AUTHOR_MISCONDUCT,-0.010284209176380954,0.02981720019912293,0.7301630749557864,2,AUTHOR_MISCONDUCT,2227.0,15589.0,subject_group,PHY,active,placebo,,,
k+3:AUTHOR_MISCONDUCT,0.028366660418859775,0.028110908541144695,0.3129276570006616,3,AUTHOR_MISCONDUCT,2227.0,15589.0,subject_group,PHY,active,placebo,,,
k-3:HONEST_ERROR,-0.037118693393776936,0.022820291829494348,0.10382946742500643,-3,HONEST_ERROR,2227.0,15589.0,subject_group,PHY,active,placebo,,,
k+0:HONEST_ERROR,0.01311809370948358,0.02826089221078549,0.6425199864807389,0,HONEST_ERROR,2227.0,15589.0,subject_group,PHY,active,placebo,,,
k+1:HONEST_ERROR,0.019851313573143237,0.032503157487181855,0.5413648927035735,1,HONEST_ERROR,2227.0,15589.0,subject_group,PHY,active,placebo,,,
k+2:HONEST_ERROR,0.01661478221759205,0.031171296491946478,0.5940228944711303,2,HONEST_ERROR,2227.0,15589.0,subject_group,PHY,active,placebo,,,
k+3:HONEST_ERROR,0.04420907816178564,0.028383189958023324,0.1193329334831712,3,HONEST_ERROR,2227.0,15589.0,subject_group,PHY,active,placebo,,,
k-3:AUTHOR_MISCONDUCT,-0.2838688356401402,0.2678115848553822,0.28916404054182343,-3,AUTHOR_MISCONDUCT,2227.0,15589.0,subject_group,PHY,publications,placebo,,,
k+0:AUTHOR_MISCONDUCT,0.32331876609214305,0.25524078010830076,0.20525519468897047,0,AUTHOR_MISCONDUCT,2227.0,15589.0,subject_group,PHY,publications,placebo,,,
k+1:AUTHOR_MISCONDUCT,0.2510925430851021,0.3401634527671828,0.4604217122694434,1,AUTHOR_MISCONDUCT,2227.0,15589.0,subject_group,PHY,publications,placebo,,,
k+2:AUTHOR_MISCONDUCT,-0.2345144965423991,0.5268217371281311,0.6562116313558071,2,AUTHOR_MISCONDUCT,2227.0,15589.0,subject_group,PHY,publications,placebo,,,
k+3:AUTHOR_MISCONDUCT,0.29796584754700794,0.49390869205428206,0.5463216116841625,3,AUTHOR_MISCONDUCT,2227.0,15589.0,subject_group,PHY,publications,placebo,,,
k-3:HONEST_ERROR,-0.08968366654031534,0.29255089687500163,0.7591802200719906,-3,HONEST_ERROR,2227.0,15589.0,subject_group,PHY,publications,placebo,,,
k+0:HONEST_ERROR,0.6466404451773409,0.2586142161115927,0.012405117415307476,0,HONEST_ERROR,2227.0,15589.0,subject_group,PHY,publications,placebo,,,
k+1:HONEST_ERROR,0.6242051978516638,0.37399570849935304,0.09511400948118087,1,HONEST_ERROR,2227.0,15589.0,subject_group,PHY,publications,placebo,,,
k+2:HONEST_ERROR,0.30504969442552365,0.5528849026380928,0.5811252880355906,2,HONEST_ERROR,2227.0,15589.0,subject_group,PHY,publications,placebo,,,
k+3:HONEST_ERROR,0.5418764826752334,0.5217335591452841,0.29898723144375894,3,HONEST_ERROR,2227.0,15589.0,subject_group,PHY,publications,placebo,,,
k-3:AUTHOR_MISCONDUCT,0.14009661835748655,0.09680014730897377,0.1478193825939571,-3,AUTHOR_MISCONDUCT,170.0,1190.0,subject_group,SOC,active,placebo,,,
k+0:AUTHOR_MISCONDUCT,0.15410628019323414,0.10431099940562454,0.13957561262399976,0,AUTHOR_MISCONDUCT,170.0,1190.0,subject_group,SOC,active,placebo,,,
k+1:AUTHOR_MISCONDUCT,0.035748792270528296,0.0988096291702385,0.7175055125694978,1,AUTHOR_MISCONDUCT,170.0,1190.0,subject_group,SOC,active,placebo,,,
k+2:AUTHOR_MISCONDUCT,0.07004830917874005,0.11487016266613335,0.5419915101543868,2,AUTHOR_MISCONDUCT,170.0,1190.0,subject_group,SOC,active,placebo,,,
k+3:AUTHOR_MISCONDUCT,-0.02898550724638055,0.09634106829666568,0.7635186139748349,3,AUTHOR_MISCONDUCT,170.0,1190.0,subject_group,SOC,active,placebo,,,
k-3:HONEST_ERROR,0.0465293668954978,0.10347113573952553,0.6529379425720361,-3,HONEST_ERROR,170.0,1190.0,subject_group,SOC,active,placebo,,,
k+0:HONEST_ERROR,0.09153318077802963,0.09754844715584572,0.34807196967260357,0,HONEST_ERROR,170.0,1190.0,subject_group,SOC,active,placebo,,,
k+1:HONEST_ERROR,0.005339435545382409,0.07698663946066746,0.9447067665548505,1,HONEST_ERROR,170.0,1190.0,subject_group,SOC,active,placebo,,,
k+2:HONEST_ERROR,-0.003051106025937944,0.09776373499448908,0.9751028818603311,2,HONEST_ERROR,170.0,1190.0,subject_group,SOC,active,placebo,,,
k+3:HONEST_ERROR,-0.08161708619374874,0.08767266526797633,0.35188994062620305,3,HONEST_ERROR,170.0,1190.0,subject_group,SOC,active,placebo,,,
k-3:AUTHOR_MISCONDUCT,0.026811594202733602,0.9861835408938227,0.9783104046028632,-3,AUTHOR_MISCONDUCT,170.0,1190.0,subject_group,SOC,publications,placebo,,,
k+0:AUTHOR_MISCONDUCT,-2.1490338164253044,2.56423402131246,0.40198565030194544,0,AUTHOR_MISCONDUCT,170.0,1190.0,subject_group,SOC,publications,placebo,,,
k+1:AUTHOR_MISCONDUCT,-1.7944444444446175,1.7542646465591736,0.30635320560860935,1,AUTHOR_MISCONDUCT,170.0,1190.0,subject_group,SOC,publications,placebo,,,
k+2:AUTHOR_MISCONDUCT,-2.6234299516909947,1.8962089562301643,0.16650759007824956,2,AUTHOR_MISCONDUCT,170.0,1190.0,subject_group,SOC,publications,placebo,,,
k+3:AUTHOR_MISCONDUCT,-2.7195652173914766,1.5632963502660309,0.08192311021413312,3,AUTHOR_MISCONDUCT,170.0,1190.0,subject_group,SOC,publications,placebo,,,
k-3:HONEST_ERROR,-0.8073989321130561,1.0891867271494544,0.4585200151461857,-3,HONEST_ERROR,170.0,1190.0,subject_group,SOC,publications,placebo,,,
k+0:HONEST_ERROR,-2.4733028222732587,2.607877468815613,0.3429274535318827,0,HONEST_ERROR,170.0,1190.0,subject_group,SOC,publications,placebo,,,
k+1:HONEST_ERROR,-2.8157894736843865,1.7597856181393257,0.10958188315558814,1,HONEST_ERROR,170.0,1190.0,subject_group,SOC,publications,placebo,,,
k+2:HONEST_ERROR,-2.423722349351814,1.8393877476300158,0.18761117439781927,2,HONEST_ERROR,170.0,1190.0,subject_group,SOC,publications,placebo,,,
k+3:HONEST_ERROR,-1.7204424103739324,1.6950612966445027,0.3101184278786191,3,HONEST_ERROR,170.0,1190.0,subject_group,SOC,publications,placebo,,,
k-3:AUTHOR_MISCONDUCT,-0.007210278514094004,0.020706798220335856,0.7276837727500882,-3,AUTHOR_MISCONDUCT,3660.0,25620.0,lag_band,fast (<1y),active,placebo,,,
k+0:AUTHOR_MISCONDUCT,0.02318522801510553,0.019343691453751463,0.2306859428430481,0,AUTHOR_MISCONDUCT,3660.0,25620.0,lag_band,fast (<1y),active,placebo,,,
k+1:AUTHOR_MISCONDUCT,0.0077171456247954184,0.021045857141130237,0.7138559285176711,1,AUTHOR_MISCONDUCT,3660.0,25620.0,lag_band,fast (<1y),active,placebo,,,
k+2:AUTHOR_MISCONDUCT,-0.045025568629809276,0.019300182815541918,0.01965292616941916,2,AUTHOR_MISCONDUCT,3660.0,25620.0,lag_band,fast (<1y),active,placebo,,,
k+3:AUTHOR_MISCONDUCT,-0.009592929391537275,0.024704555684863544,0.6977895319500382,3,AUTHOR_MISCONDUCT,3660.0,25620.0,lag_band,fast (<1y),active,placebo,,,
k-3:HONEST_ERROR,-0.017653108266253548,0.022210331658259936,0.42672103227311053,-3,HONEST_ERROR,3660.0,25620.0,lag_band,fast (<1y),active,placebo,,,
k+0:HONEST_ERROR,0.009563662338580525,0.01941386822028834,0.6222810199215978,0,HONEST_ERROR,3660.0,25620.0,lag_band,fast (<1y),active,placebo,,,
k+1:HONEST_ERROR,-0.006299108884309512,0.020851382053042804,0.7625792555542514,1,HONEST_ERROR,3660.0,25620.0,lag_band,fast (<1y),active,placebo,,,
k+2:HONEST_ERROR,-0.036008369091104775,0.019941041421085774,0.07095870319034092,2,HONEST_ERROR,3660.0,25620.0,lag_band,fast (<1y),active,placebo,,,
k+3:HONEST_ERROR,-0.03700232531042416,0.024945581942480376,0.1379889351639747,3,HONEST_ERROR,3660.0,25620.0,lag_band,fast (<1y),active,placebo,,,
k-3:AUTHOR_MISCONDUCT,-0.42074550765560303,0.7158031832562503,0.5566699234520622,-3,AUTHOR_MISCONDUCT,3660.0,25620.0,lag_band,fast (<1y),publications,placebo,,,
k+0:AUTHOR_MISCONDUCT,0.38424206471375877,0.26934427642458947,0.15370002137525907,0,AUTHOR_MISCONDUCT,3660.0,25620.0,lag_band,fast (<1y),publications,placebo,,,
k+1:AUTHOR_MISCONDUCT,0.5460745958203823,0.28551581480588534,0.055800604134487175,1,AUTHOR_MISCONDUCT,3660.0,25620.0,lag_band,fast (<1y),publications,placebo,,,
k+2:AUTHOR_MISCONDUCT,0.22929917174156955,0.3076713882919438,0.45610671336376196,2,AUTHOR_MISCONDUCT,3660.0,25620.0,lag_band,fast (<1y),publications,placebo,,,
k+3:AUTHOR_MISCONDUCT,0.005896929511647109,0.4633300734871196,0.9898453774925422,3,AUTHOR_MISCONDUCT,3660.0,25620.0,lag_band,fast (<1y),publications,placebo,,,
k-3:HONEST_ERROR,-1.5601302984402023,1.299950960367183,0.23008283629808846,-3,HONEST_ERROR,3660.0,25620.0,lag_band,fast (<1y),publications,placebo,,,
k+0:HONEST_ERROR,-0.7454154909242314,1.118440207384101,0.5051057933691743,0,HONEST_ERROR,3660.0,25620.0,lag_band,fast (<1y),publications,placebo,,,
k+1:HONEST_ERROR,-0.5447538666518379,1.108692851524845,0.6231804306865247,1,HONEST_ERROR,3660.0,25620.0,lag_band,fast (<1y),publications,placebo,,,
k+2:HONEST_ERROR,-0.7994964360438592,1.1242775597779977,0.47700977940552813,2,HONEST_ERROR,3660.0,25620.0,lag_band,fast (<1y),publications,placebo,,,
k+3:HONEST_ERROR,-1.305596449722162,1.1835763068861722,0.2699861528141594,3,HONEST_ERROR,3660.0,25620.0,lag_band,fast (<1y),publications,placebo,,,
k-3:AUTHOR_MISCONDUCT,-0.012256228998575036,0.012558617399906992,0.32910319838283564,-3,AUTHOR_MISCONDUCT,7057.0,49399.0,lag_band,medium (1-3y),active,placebo,,,
k+0:AUTHOR_MISCONDUCT,0.012899371860127518,0.014767684284077766,0.3823979982336452,0,AUTHOR_MISCONDUCT,7057.0,49399.0,lag_band,medium (1-3y),active,placebo,,,
k+1:AUTHOR_MISCONDUCT,0.0453073737487395,0.015269987273788733,0.003006363243285737,1,AUTHOR_MISCONDUCT,7057.0,49399.0,lag_band,medium (1-3y),active,placebo,,,
k+2:AUTHOR_MISCONDUCT,0.05100211145014999,0.02256218701351811,0.023789445918528163,2,AUTHOR_MISCONDUCT,7057.0,49399.0,lag_band,medium (1-3y),active,placebo,,,
k+3:AUTHOR_MISCONDUCT,0.022299627352215384,0.021800717180565417,0.306362206017051,3,AUTHOR_MISCONDUCT,7057.0,49399.0,lag_band,medium (1-3y),active,placebo,,,
k-3:HONEST_ERROR,-0.002039990883442755,0.012876366863589284,0.8741187050480184,-3,HONEST_ERROR,7057.0,49399.0,lag_band,medium (1-3y),active,placebo,,,
k+0:HONEST_ERROR,0.0021754552662571203,0.01615624733315355,0.8928877966828628,0,HONEST_ERROR,7057.0,49399.0,lag_band,medium (1-3y),active,placebo,,,
k+1:HONEST_ERROR,0.024164021045129214,0.015416579344315085,0.11702009391095469,1,HONEST_ERROR,7057.0,49399.0,lag_band,medium (1-3y),active,placebo,,,
k+2:HONEST_ERROR,0.0034594778522158975,0.022221092459111726,0.8762817798416207,2,HONEST_ERROR,7057.0,49399.0,lag_band,medium (1-3y),active,placebo,,,
k+3:HONEST_ERROR,-0.0023215128354102943,0.020935642716341626,0.9117051128203544,3,HONEST_ERROR,7057.0,49399.0,lag_band,medium (1-3y),active,placebo,,,
k-3:AUTHOR_MISCONDUCT,0.026579009493783445,0.3312986062452151,0.9360569176209306,-3,AUTHOR_MISCONDUCT,7057.0,49399.0,lag_band,medium (1-3y),publications,placebo,,,
k+0:AUTHOR_MISCONDUCT,-0.335764810487964,0.611465536908783,0.5829266304232803,0,AUTHOR_MISCONDUCT,7057.0,49399.0,lag_band,medium (1-3y),publications,placebo,,,
k+1:AUTHOR_MISCONDUCT,-0.7289510262706553,1.258154081808179,0.5623318768762497,1,AUTHOR_MISCONDUCT,7057.0,49399.0,lag_band,medium (1-3y),publications,placebo,,,
k+2:AUTHOR_MISCONDUCT,-0.25141557619199695,1.182095484389292,0.8315716128098127,2,AUTHOR_MISCONDUCT,7057.0,49399.0,lag_band,medium (1-3y),publications,placebo,,,
k+3:AUTHOR_MISCONDUCT,-0.9605307748822955,1.6134141140283802,0.5516158851866959,3,AUTHOR_MISCONDUCT,7057.0,49399.0,lag_band,medium (1-3y),publications,placebo,,,
k-3:HONEST_ERROR,0.007699320431019174,0.37615861586926125,0.9836698144849998,-3,HONEST_ERROR,7057.0,49399.0,lag_band,medium (1-3y),publications,placebo,,,
k+0:HONEST_ERROR,-0.3585995807666249,0.6309230619163921,0.5697817766809474,0,HONEST_ERROR,7057.0,49399.0,lag_band,medium (1-3y),publications,placebo,,,
k+1:HONEST_ERROR,-0.3090623104060297,1.278087615173383,0.8089225734526175,1,HONEST_ERROR,7057.0,49399.0,lag_band,medium (1-3y),publications,placebo,,,
k+2:HONEST_ERROR,-0.42268996311643114,1.1862965562396999,0.7216080190209533,2,HONEST_ERROR,7057.0,49399.0,lag_band,medium (1-3y),publications,placebo,,,
k+3:HONEST_ERROR,-0.891411172922481,1.6290290287434817,0.5842386001104232,3,HONEST_ERROR,7057.0,49399.0,lag_band,medium (1-3y),publications,placebo,,,
k-3:AUTHOR_MISCONDUCT,-0.0029932547392631514,0.028067995202291685,0.9150722173839507,-3,AUTHOR_MISCONDUCT,6577.0,46039.0,lag_band,slow (3y+),active,placebo,,,
k+0:AUTHOR_MISCONDUCT,-0.049482382582465845,0.04830960227987655,0.30570477023004816,0,AUTHOR_MISCONDUCT,6577.0,46039.0,lag_band,slow (3y+),active,placebo,,,
k+1:AUTHOR_MISCONDUCT,-0.10250905481123762,0.06445449293962577,0.111742471197946,1,AUTHOR_MISCONDUCT,6577.0,46039.0,lag_band,slow (3y+),active,placebo,,,
k+2:AUTHOR_MISCONDUCT,-0.05958940480984137,0.05203227358932369,0.25211004093140943,2,AUTHOR_MISCONDUCT,6577.0,46039.0,lag_band,slow (3y+),active,placebo,,,
k+3:AUTHOR_MISCONDUCT,-0.06929065555901698,0.05343502239816355,0.19472501175820023,3,AUTHOR_MISCONDUCT,6577.0,46039.0,lag_band,slow (3y+),active,placebo,,,
k-3:HONEST_ERROR,-0.030488097706219075,0.030316456486098847,0.31457835605292717,-3,HONEST_ERROR,6577.0,46039.0,lag_band,slow (3y+),active,placebo,,,
k+0:HONEST_ERROR,-0.035732064567439326,0.050152187794714274,0.47617211183441155,0,HONEST_ERROR,6577.0,46039.0,lag_band,slow (3y+),active,placebo,,,
k+1:HONEST_ERROR,-0.0752662100889831,0.06619002010978327,0.25548677011812804,1,HONEST_ERROR,6577.0,46039.0,lag_band,slow (3y+),active,placebo,,,
k+2:HONEST_ERROR,-0.05725142109510728,0.05351451820560652,0.28469596995276225,2,HONEST_ERROR,6577.0,46039.0,lag_band,slow (3y+),active,placebo,,,
k+3:HONEST_ERROR,-0.06559468130338947,0.05517998190045026,0.2345417837433823,3,HONEST_ERROR,6577.0,46039.0,lag_band,slow (3y+),active,placebo,,,
k-3:AUTHOR_MISCONDUCT,0.41876185872319116,0.4408000133778224,0.34211012468731794,-3,AUTHOR_MISCONDUCT,6577.0,46039.0,lag_band,slow (3y+),publications,placebo,,,
k+0:AUTHOR_MISCONDUCT,-0.6018413951085879,0.3736788936000047,0.10727033710799838,0,AUTHOR_MISCONDUCT,6577.0,46039.0,lag_band,slow (3y+),publications,placebo,,,
k+1:AUTHOR_MISCONDUCT,-0.7420820217356852,0.5039560763311908,0.14088231990408984,1,AUTHOR_MISCONDUCT,6577.0,46039.0,lag_band,slow (3y+),publications,placebo,,,
k+2:AUTHOR_MISCONDUCT,-0.8385742032162868,0.3625270012842416,0.020715171214806594,2,AUTHOR_MISCONDUCT,6577.0,46039.0,lag_band,slow (3y+),publications,placebo,,,
k+3:AUTHOR_MISCONDUCT,-0.8678794610278131,0.36598294272421017,0.01772247773704083,3,AUTHOR_MISCONDUCT,6577.0,46039.0,lag_band,slow (3y+),publications,placebo,,,
k-3:HONEST_ERROR,0.21694409207453091,0.4585680330229752,0.6361487510009698,-3,HONEST_ERROR,6577.0,46039.0,lag_band,slow (3y+),publications,placebo,,,
k+0:HONEST_ERROR,-0.4079441939787454,0.4112159241167727,0.3211761762854901,0,HONEST_ERROR,6577.0,46039.0,lag_band,slow (3y+),publications,placebo,,,
k+1:HONEST_ERROR,-0.22374239086000713,0.5433294815244335,0.680486951787113,1,HONEST_ERROR,6577.0,46039.0,lag_band,slow (3y+),publications,placebo,,,
k+2:HONEST_ERROR,-0.3359096355694824,0.41114066051911136,0.41391770320423094,2,HONEST_ERROR,6577.0,46039.0,lag_band,slow (3y+),publications,placebo,,,
k+3:HONEST_ERROR,-0.6466858293420763,0.4169742924747305,0.1209254209998103,3,HONEST_ERROR,6577.0,46039.0,lag_band,slow (3y+),publications,placebo,,,
